InvoiceNo,StockCode,Quantity,InvoiceDate,UnitPrice,CustomerID,Country
536365,85123A,6,12/1/2010 8:26,2.55,17850,United Kingdom
536365,71053,6,12/1/2010 8:26,3.39,17850,United Kingdom
536365,84406B,8,12/1/2010 8:26,2.75,17850,United Kingdom
536365,84029G,6,12/1/2010 8:26,3.39,17850,United Kingdom
536365,84029E,6,12/1/2010 8:26,3.39,17850,United Kingdom
536365,22752,2,12/1/2010 8:26,7.65,17850,United Kingdom
536365,21730,6,12/1/2010 8:26,4.25,17850,United Kingdom
536366,22633,6,12/1/2010 8:28,1.85,17850,United Kingdom
536366,22632,6,12/1/2010 8:28,1.85,17850,United Kingdom
536367,84879,32,12/1/2010 8:34,1.69,13047,United Kingdom
536367,22745,6,12/1/2010 8:34,2.1,13047,United Kingdom
536367,22748,6,12/1/2010 8:34,2.1,13047,United Kingdom
536367,22749,8,12/1/2010 8:34,3.75,13047,United Kingdom
536367,22310,6,12/1/2010 8:34,1.65,13047,United Kingdom
536367,84969,6,12/1/2010 8:34,4.25,13047,United Kingdom
536367,22623,3,12/1/2010 8:34,4.95,13047,United Kingdom
536367,22622,2,12/1/2010 8:34,9.95,13047,United Kingdom
536367,21754,3,12/1/2010 8:34,5.95,13047,United Kingdom
536367,21755,3,12/1/2010 8:34,5.95,13047,United Kingdom
536367,21777,4,12/1/2010 8:34,7.95,13047,United Kingdom
536367,48187,4,12/1/2010 8:34,7.95,13047,United Kingdom
536368,22960,6,12/1/2010 8:34,4.25,13047,United Kingdom
536368,22913,3,12/1/2010 8:34,4.95,13047,United Kingdom
536368,22912,3,12/1/2010 8:34,4.95,13047,United Kingdom
536368,22914,3,12/1/2010 8:34,4.95,13047,United Kingdom
536369,21756,3,12/1/2010 8:35,5.95,13047,United Kingdom
536370,22728,24,12/1/2010 8:45,3.75,12583,France
536370,22727,24,12/1/2010 8:45,3.75,12583,France
536370,22726,12,12/1/2010 8:45,3.75,12583,France
536370,21724,12,12/1/2010 8:45,0.85,12583,France
536370,21883,24,12/1/2010 8:45,0.65,12583,France
536370,10002,48,12/1/2010 8:45,0.85,12583,France
536370,21791,24,12/1/2010 8:45,1.25,12583,France
536370,21035,18,12/1/2010 8:45,2.95,12583,France
536370,22326,24,12/1/2010 8:45,2.95,12583,France
536370,22629,24,12/1/2010 8:45,1.95,12583,France
536370,22659,24,12/1/2010 8:45,1.95,12583,France
536370,22631,24,12/1/2010 8:45,1.95,12583,France
536370,22661,20,12/1/2010 8:45,0.85,12583,France
536370,21731,24,12/1/2010 8:45,1.65,12583,France
536370,22900,24,12/1/2010 8:45,2.95,12583,France
536370,21913,12,12/1/2010 8:45,3.75,12583,France
536370,22540,24,12/1/2010 8:45,0.42,12583,France
536370,22544,24,12/1/2010 8:45,0.42,12583,France
536370,22492,36,12/1/2010 8:45,0.65,12583,France
536370,POST,3,12/1/2010 8:45,18,12583,France
536371,22086,80,12/1/2010 9:00,2.55,13748,United Kingdom
536372,22632,6,12/1/2010 9:01,1.85,17850,United Kingdom
536372,22633,6,12/1/2010 9:01,1.85,17850,United Kingdom
536373,85123A,6,12/1/2010 9:02,2.55,17850,United Kingdom
536373,71053,6,12/1/2010 9:02,3.39,17850,United Kingdom
536373,84406B,8,12/1/2010 9:02,2.75,17850,United Kingdom
536373,20679,6,12/1/2010 9:02,4.95,17850,United Kingdom
536373,37370,6,12/1/2010 9:02,1.06,17850,United Kingdom
536373,21871,6,12/1/2010 9:02,1.06,17850,United Kingdom
536373,21071,6,12/1/2010 9:02,1.06,17850,United Kingdom
536373,21068,6,12/1/2010 9:02,1.06,17850,United Kingdom
536373,82483,2,12/1/2010 9:02,4.95,17850,United Kingdom
536373,82486,4,12/1/2010 9:02,6.95,17850,United Kingdom
536373,82482,6,12/1/2010 9:02,2.1,17850,United Kingdom
536373,82494L,6,12/1/2010 9:02,2.55,17850,United Kingdom
536373,84029G,6,12/1/2010 9:02,3.39,17850,United Kingdom
536373,84029E,6,12/1/2010 9:02,3.39,17850,United Kingdom
536373,22752,2,12/1/2010 9:02,7.65,17850,United Kingdom
536373,21730,6,12/1/2010 9:02,4.25,17850,United Kingdom
536374,21258,32,12/1/2010 9:09,10.95,15100,United Kingdom
536375,85123A,6,12/1/2010 9:32,2.55,17850,United Kingdom
536375,71053,6,12/1/2010 9:32,3.39,17850,United Kingdom
536375,84406B,8,12/1/2010 9:32,2.75,17850,United Kingdom
536375,20679,6,12/1/2010 9:32,4.95,17850,United Kingdom
536375,37370,6,12/1/2010 9:32,1.06,17850,United Kingdom
536375,21871,6,12/1/2010 9:32,1.06,17850,United Kingdom
536375,21071,6,12/1/2010 9:32,1.06,17850,United Kingdom
536375,21068,6,12/1/2010 9:32,1.06,17850,United Kingdom
536375,82483,2,12/1/2010 9:32,4.95,17850,United Kingdom
536375,82486,4,12/1/2010 9:32,6.95,17850,United Kingdom
536375,82482,6,12/1/2010 9:32,2.1,17850,United Kingdom
536375,82494L,6,12/1/2010 9:32,2.55,17850,United Kingdom
536375,84029G,6,12/1/2010 9:32,3.39,17850,United Kingdom
536375,84029E,6,12/1/2010 9:32,3.39,17850,United Kingdom
536375,22752,2,12/1/2010 9:32,7.65,17850,United Kingdom
536375,21730,6,12/1/2010 9:32,4.25,17850,United Kingdom
536376,22114,48,12/1/2010 9:32,3.45,15291,United Kingdom
536376,21733,64,12/1/2010 9:32,2.55,15291,United Kingdom
536377,22632,6,12/1/2010 9:34,1.85,17850,United Kingdom
536377,22633,6,12/1/2010 9:34,1.85,17850,United Kingdom
536378,22386,10,12/1/2010 9:37,1.95,14688,United Kingdom
536378,85099C,10,12/1/2010 9:37,1.95,14688,United Kingdom
536378,21033,10,12/1/2010 9:37,2.95,14688,United Kingdom
536378,20723,10,12/1/2010 9:37,0.85,14688,United Kingdom
536378,84997B,12,12/1/2010 9:37,3.75,14688,United Kingdom
536378,84997C,6,12/1/2010 9:37,3.75,14688,United Kingdom
536378,21094,12,12/1/2010 9:37,0.85,14688,United Kingdom
536378,20725,10,12/1/2010 9:37,1.65,14688,United Kingdom
536378,21559,6,12/1/2010 9:37,2.55,14688,United Kingdom
536378,22352,6,12/1/2010 9:37,2.55,14688,United Kingdom
536378,21212,120,12/1/2010 9:37,0.42,14688,United Kingdom
536378,21975,24,12/1/2010 9:37,0.55,14688,United Kingdom
536378,21977,24,12/1/2010 9:37,0.55,14688,United Kingdom
536378,84991,24,12/1/2010 9:37,0.55,14688,United Kingdom
536378,84519A,6,12/1/2010 9:37,2.95,14688,United Kingdom
536378,85183B,48,12/1/2010 9:37,1.25,14688,United Kingdom
536378,85071B,96,12/1/2010 9:37,0.38,14688,United Kingdom
536378,21931,10,12/1/2010 9:37,1.95,14688,United Kingdom
536378,21929,10,12/1/2010 9:37,1.95,14688,United Kingdom
536380,22961,24,12/1/2010 9:41,1.45,17809,United Kingdom
536381,22139,23,12/1/2010 9:41,4.25,15311,United Kingdom
536381,84854,5,12/1/2010 9:41,4.95,15311,United Kingdom
536381,22411,10,12/1/2010 9:41,1.95,15311,United Kingdom
536381,82567,2,12/1/2010 9:41,2.1,15311,United Kingdom
536381,21672,6,12/1/2010 9:41,1.25,15311,United Kingdom
536381,22774,24,12/1/2010 9:41,1.25,15311,United Kingdom
536381,22771,24,12/1/2010 9:41,1.25,15311,United Kingdom
536381,71270,1,12/1/2010 9:41,1.25,15311,United Kingdom
536381,22262,1,12/1/2010 9:41,0.85,15311,United Kingdom
536381,22637,1,12/1/2010 9:41,2.55,15311,United Kingdom
536381,21934,10,12/1/2010 9:41,1.65,15311,United Kingdom
536381,21169,3,12/1/2010 9:41,1.69,15311,United Kingdom
536381,21166,1,12/1/2010 9:41,1.95,15311,United Kingdom
536381,21175,2,12/1/2010 9:41,2.1,15311,United Kingdom
536381,37444A,1,12/1/2010 9:41,2.95,15311,United Kingdom
536381,37444C,1,12/1/2010 9:41,2.95,15311,United Kingdom
536381,22086,4,12/1/2010 9:41,2.95,15311,United Kingdom
536381,22083,1,12/1/2010 9:41,2.95,15311,United Kingdom
536381,84971S,6,12/1/2010 9:41,0.85,15311,United Kingdom
536381,71270,3,12/1/2010 9:41,1.25,15311,United Kingdom
536381,47580,2,12/1/2010 9:41,2.55,15311,United Kingdom
536381,22261,1,12/1/2010 9:41,0.85,15311,United Kingdom
536381,84832,1,12/1/2010 9:41,0.85,15311,United Kingdom
536381,22644,1,12/1/2010 9:41,1.45,15311,United Kingdom
536381,21533,1,12/1/2010 9:41,4.95,15311,United Kingdom
536381,21557,2,12/1/2010 9:41,2.95,15311,United Kingdom
536381,15056BL,2,12/1/2010 9:41,5.95,15311,United Kingdom
536381,15056N,2,12/1/2010 9:41,5.95,15311,United Kingdom
536381,22646,4,12/1/2010 9:41,1.45,15311,United Kingdom
536381,22176,1,12/1/2010 9:41,2.95,15311,United Kingdom
536381,22438,1,12/1/2010 9:41,1.95,15311,United Kingdom
536381,21731,2,12/1/2010 9:41,1.65,15311,United Kingdom
536381,22778,3,12/1/2010 9:41,3.95,15311,United Kingdom
536381,22719,36,12/1/2010 9:41,1.06,15311,United Kingdom
536381,21523,10,12/1/2010 9:41,6.75,15311,United Kingdom
C536379,D,-1,12/1/2010 9:41,27.5,14527,United Kingdom
536382,10002,12,12/1/2010 9:45,0.85,16098,United Kingdom
536382,21912,8,12/1/2010 9:45,3.75,16098,United Kingdom
536382,21832,12,12/1/2010 9:45,1.65,16098,United Kingdom
536382,22411,10,12/1/2010 9:45,1.95,16098,United Kingdom
536382,22379,10,12/1/2010 9:45,2.1,16098,United Kingdom
536382,22381,50,12/1/2010 9:45,1.85,16098,United Kingdom
536382,22798,8,12/1/2010 9:45,2.95,16098,United Kingdom
536382,22726,4,12/1/2010 9:45,3.75,16098,United Kingdom
536382,22926,12,12/1/2010 9:45,5.95,16098,United Kingdom
536382,22839,2,12/1/2010 9:45,14.95,16098,United Kingdom
536382,22838,2,12/1/2010 9:45,14.95,16098,United Kingdom
536382,22783,4,12/1/2010 9:45,16.95,16098,United Kingdom
C536383,35004C,-1,12/1/2010 9:49,4.65,15311,United Kingdom
536384,82484,3,12/1/2010 9:53,6.45,18074,United Kingdom
536384,84755,48,12/1/2010 9:53,0.65,18074,United Kingdom
536384,22464,12,12/1/2010 9:53,1.65,18074,United Kingdom
536384,21324,6,12/1/2010 9:53,2.95,18074,United Kingdom
536384,22457,12,12/1/2010 9:53,2.95,18074,United Kingdom
536384,22469,40,12/1/2010 9:53,1.45,18074,United Kingdom
536384,22470,40,12/1/2010 9:53,2.55,18074,United Kingdom
536384,22224,6,12/1/2010 9:53,2.95,18074,United Kingdom
536384,21340,2,12/1/2010 9:53,12.75,18074,United Kingdom
536384,22189,4,12/1/2010 9:53,3.95,18074,United Kingdom
536384,22427,3,12/1/2010 9:53,5.95,18074,United Kingdom
536384,22428,6,12/1/2010 9:53,6.95,18074,United Kingdom
536384,22424,8,12/1/2010 9:53,10.95,18074,United Kingdom
536385,22783,1,12/1/2010 9:56,19.95,17420,United Kingdom
536385,22961,12,12/1/2010 9:56,1.45,17420,United Kingdom
536385,22960,6,12/1/2010 9:56,4.25,17420,United Kingdom
536385,22663,10,12/1/2010 9:56,1.95,17420,United Kingdom
536385,85049A,12,12/1/2010 9:56,1.25,17420,United Kingdom
536385,22168,2,12/1/2010 9:56,8.5,17420,United Kingdom
536385,22662,10,12/1/2010 9:56,1.65,17420,United Kingdom
536386,84880,36,12/1/2010 9:57,4.95,16029,United Kingdom
536386,85099C,100,12/1/2010 9:57,1.65,16029,United Kingdom
536386,85099B,100,12/1/2010 9:57,1.65,16029,United Kingdom
536387,79321,192,12/1/2010 9:58,3.82,16029,United Kingdom
536387,22780,192,12/1/2010 9:58,3.37,16029,United Kingdom
536387,22779,192,12/1/2010 9:58,3.37,16029,United Kingdom
536387,22466,432,12/1/2010 9:58,1.45,16029,United Kingdom
536387,21731,432,12/1/2010 9:58,1.25,16029,United Kingdom
536388,21754,3,12/1/2010 9:59,5.95,16250,United Kingdom
536388,21755,3,12/1/2010 9:59,5.95,16250,United Kingdom
536388,21523,2,12/1/2010 9:59,7.95,16250,United Kingdom
536388,21363,3,12/1/2010 9:59,4.95,16250,United Kingdom
536388,21411,3,12/1/2010 9:59,4.25,16250,United Kingdom
536388,22318,6,12/1/2010 9:59,2.95,16250,United Kingdom
536388,22464,12,12/1/2010 9:59,1.65,16250,United Kingdom
536388,22915,12,12/1/2010 9:59,0.42,16250,United Kingdom
536388,22922,12,12/1/2010 9:59,0.85,16250,United Kingdom
536388,22969,12,12/1/2010 9:59,1.45,16250,United Kingdom
536388,22923,12,12/1/2010 9:59,0.85,16250,United Kingdom
536388,21115,4,12/1/2010 9:59,6.75,16250,United Kingdom
536388,22469,12,12/1/2010 9:59,1.65,16250,United Kingdom
536388,22242,12,12/1/2010 9:59,1.65,16250,United Kingdom
536389,22941,6,12/1/2010 10:03,8.5,12431,Australia
536389,21622,8,12/1/2010 10:03,4.95,12431,Australia
536389,21791,12,12/1/2010 10:03,1.25,12431,Australia
536389,35004C,6,12/1/2010 10:03,5.45,12431,Australia
536389,35004G,4,12/1/2010 10:03,6.35,12431,Australia
536389,85014B,6,12/1/2010 10:03,5.95,12431,Australia
536389,85014A,3,12/1/2010 10:03,5.95,12431,Australia
536389,22193,2,12/1/2010 10:03,8.5,12431,Australia
536389,22726,4,12/1/2010 10:03,3.75,12431,Australia
536389,22727,4,12/1/2010 10:03,3.75,12431,Australia
536389,22192,2,12/1/2010 10:03,8.5,12431,Australia
536389,22191,2,12/1/2010 10:03,8.5,12431,Australia
536389,22195,24,12/1/2010 10:03,1.65,12431,Australia
536389,22196,24,12/1/2010 10:03,0.85,12431,Australia
536390,22941,2,12/1/2010 10:19,8.5,17511,United Kingdom
536390,22960,12,12/1/2010 10:19,3.75,17511,United Kingdom
536390,22961,12,12/1/2010 10:19,1.45,17511,United Kingdom
536390,22962,48,12/1/2010 10:19,0.72,17511,United Kingdom
536390,22963,48,12/1/2010 10:19,0.72,17511,United Kingdom
536390,22968,8,12/1/2010 10:19,8.5,17511,United Kingdom
536390,84970S,144,12/1/2010 10:19,0.64,17511,United Kingdom
536390,22910,40,12/1/2010 10:19,2.55,17511,United Kingdom
536390,20668,288,12/1/2010 10:19,0.1,17511,United Kingdom
536390,85123A,64,12/1/2010 10:19,2.55,17511,United Kingdom
536390,22197,100,12/1/2010 10:19,0.72,17511,United Kingdom
536390,22198,50,12/1/2010 10:19,1.45,17511,United Kingdom
536390,21533,12,12/1/2010 10:19,4.25,17511,United Kingdom
536390,21080,96,12/1/2010 10:19,0.64,17511,United Kingdom
536390,21094,96,12/1/2010 10:19,0.64,17511,United Kingdom
536390,21086,48,12/1/2010 10:19,0.65,17511,United Kingdom
536390,21786,144,12/1/2010 10:19,0.32,17511,United Kingdom
536390,22654,40,12/1/2010 10:19,4.95,17511,United Kingdom
536390,21485,24,12/1/2010 10:19,4.25,17511,United Kingdom
536390,84029G,24,12/1/2010 10:19,3.39,17511,United Kingdom
536390,84030E,24,12/1/2010 10:19,3.75,17511,United Kingdom
536390,22174,48,12/1/2010 10:19,1.48,17511,United Kingdom
536390,22969,96,12/1/2010 10:19,1.25,17511,United Kingdom
536390,85099B,100,12/1/2010 10:19,1.65,17511,United Kingdom
C536391,22556,-12,12/1/2010 10:24,1.65,17548,United Kingdom
C536391,21984,-24,12/1/2010 10:24,0.29,17548,United Kingdom
C536391,21983,-24,12/1/2010 10:24,0.29,17548,United Kingdom
C536391,21980,-24,12/1/2010 10:24,0.29,17548,United Kingdom
C536391,21484,-12,12/1/2010 10:24,3.45,17548,United Kingdom
C536391,22557,-12,12/1/2010 10:24,1.65,17548,United Kingdom
C536391,22553,-24,12/1/2010 10:24,1.65,17548,United Kingdom
536392,22150,6,12/1/2010 10:29,1.95,13705,United Kingdom
536392,22619,4,12/1/2010 10:29,3.75,13705,United Kingdom
536392,21891,12,12/1/2010 10:29,1.25,13705,United Kingdom
536392,21889,12,12/1/2010 10:29,1.25,13705,United Kingdom
536392,22827,1,12/1/2010 10:29,165,13705,United Kingdom
536392,22127,12,12/1/2010 10:29,1.25,13705,United Kingdom
536392,22128,12,12/1/2010 10:29,1.25,13705,United Kingdom
536392,22502,4,12/1/2010 10:29,5.95,13705,United Kingdom
536392,84879,16,12/1/2010 10:29,1.69,13705,United Kingdom
536392,22338,24,12/1/2010 10:29,0.65,13705,United Kingdom
536393,22180,8,12/1/2010 10:37,9.95,13747,United Kingdom
536394,21506,24,12/1/2010 10:39,0.42,13408,United Kingdom
536394,22633,96,12/1/2010 10:39,1.85,13408,United Kingdom
536394,22866,96,12/1/2010 10:39,1.85,13408,United Kingdom
536394,22865,96,12/1/2010 10:39,1.85,13408,United Kingdom
536394,22632,96,12/1/2010 10:39,1.85,13408,United Kingdom
536394,21485,12,12/1/2010 10:39,4.95,13408,United Kingdom
536394,22349,12,12/1/2010 10:39,3.75,13408,United Kingdom
536394,22558,48,12/1/2010 10:39,1.25,13408,United Kingdom
536394,85152,12,12/1/2010 10:39,2.1,13408,United Kingdom
536394,85123A,32,12/1/2010 10:39,2.55,13408,United Kingdom
536394,22652,20,12/1/2010 10:39,1.65,13408,United Kingdom
536395,22188,8,12/1/2010 10:47,3.95,13767,United Kingdom
536395,84879,32,12/1/2010 10:47,1.69,13767,United Kingdom
536395,21977,24,12/1/2010 10:47,0.55,13767,United Kingdom
536395,84991,24,12/1/2010 10:47,0.55,13767,United Kingdom
536395,21212,24,12/1/2010 10:47,0.55,13767,United Kingdom
536395,21484,8,12/1/2010 10:47,3.45,13767,United Kingdom
536395,21314,8,12/1/2010 10:47,2.1,13767,United Kingdom
536395,22730,4,12/1/2010 10:47,3.75,13767,United Kingdom
536395,22727,8,12/1/2010 10:47,3.75,13767,United Kingdom
536395,22729,8,12/1/2010 10:47,3.75,13767,United Kingdom
536395,22726,8,12/1/2010 10:47,3.75,13767,United Kingdom
536395,22114,8,12/1/2010 10:47,3.95,13767,United Kingdom
536395,22867,48,12/1/2010 10:47,2.1,13767,United Kingdom
536395,22866,48,12/1/2010 10:47,2.1,13767,United Kingdom
536396,85123A,6,12/1/2010 10:51,2.55,17850,United Kingdom
536396,71053,6,12/1/2010 10:51,3.39,17850,United Kingdom
536396,84406B,8,12/1/2010 10:51,2.75,17850,United Kingdom
536396,15056BL,6,12/1/2010 10:51,4.95,17850,United Kingdom
536396,20679,6,12/1/2010 10:51,4.95,17850,United Kingdom
536396,37370,6,12/1/2010 10:51,1.06,17850,United Kingdom
536396,21871,6,12/1/2010 10:51,1.06,17850,United Kingdom
536396,21071,6,12/1/2010 10:51,1.06,17850,United Kingdom
536396,21068,6,12/1/2010 10:51,1.06,17850,United Kingdom
536396,82483,2,12/1/2010 10:51,4.95,17850,United Kingdom
536396,82486,4,12/1/2010 10:51,6.95,17850,United Kingdom
536396,82482,6,12/1/2010 10:51,2.1,17850,United Kingdom
536396,82494L,12,12/1/2010 10:51,2.55,17850,United Kingdom
536396,84029G,6,12/1/2010 10:51,3.39,17850,United Kingdom
536396,84029E,6,12/1/2010 10:51,3.39,17850,United Kingdom
536396,22752,2,12/1/2010 10:51,7.65,17850,United Kingdom
536396,22803,2,12/1/2010 10:51,35.75,17850,United Kingdom
536396,21730,6,12/1/2010 10:51,4.25,17850,United Kingdom
536397,35004B,12,12/1/2010 10:51,4.65,17924,United Kingdom
536397,35004C,48,12/1/2010 10:51,4.65,17924,United Kingdom
536398,21980,24,12/1/2010 10:52,0.29,13448,United Kingdom
536398,21844,6,12/1/2010 10:52,2.95,13448,United Kingdom
536398,22468,4,12/1/2010 10:52,6.75,13448,United Kingdom
536398,22637,8,12/1/2010 10:52,2.55,13448,United Kingdom
536398,22752,6,12/1/2010 10:52,8.5,13448,United Kingdom
536398,48185,2,12/1/2010 10:52,7.95,13448,United Kingdom
536398,22632,12,12/1/2010 10:52,2.1,13448,United Kingdom
536398,22866,12,12/1/2010 10:52,2.1,13448,United Kingdom
536398,22865,12,12/1/2010 10:52,2.1,13448,United Kingdom
536398,21232,12,12/1/2010 10:52,1.25,13448,United Kingdom
536398,22064,12,12/1/2010 10:52,1.65,13448,United Kingdom
536398,22449,6,12/1/2010 10:52,3.35,13448,United Kingdom
536398,22114,4,12/1/2010 10:52,3.95,13448,United Kingdom
536398,22835,8,12/1/2010 10:52,4.65,13448,United Kingdom
536398,22112,9,12/1/2010 10:52,4.95,13448,United Kingdom
536398,21479,4,12/1/2010 10:52,3.75,13448,United Kingdom
536398,22111,9,12/1/2010 10:52,4.95,13448,United Kingdom
536399,22632,6,12/1/2010 10:52,1.85,17850,United Kingdom
536399,22633,6,12/1/2010 10:52,1.85,17850,United Kingdom
536400,22969,12,12/1/2010 10:53,1.45,13448,United Kingdom
536401,22110,1,12/1/2010 11:21,2.55,15862,United Kingdom
536401,22098,1,12/1/2010 11:21,1.25,15862,United Kingdom
536401,22100,2,12/1/2010 11:21,1.25,15862,United Kingdom
536401,22766,1,12/1/2010 11:21,2.95,15862,United Kingdom
536401,22451,1,12/1/2010 11:21,3.35,15862,United Kingdom
536401,22549,1,12/1/2010 11:21,1.45,15862,United Kingdom
536401,84744,1,12/1/2010 11:21,1.25,15862,United Kingdom
536401,85049E,2,12/1/2010 11:21,1.25,15862,United Kingdom
536401,21328,1,12/1/2010 11:21,1.65,15862,United Kingdom
536401,22961,4,12/1/2010 11:21,1.45,15862,United Kingdom
536401,17091A,1,12/1/2010 11:21,1.25,15862,United Kingdom
536401,22473,1,12/1/2010 11:21,4.95,15862,United Kingdom
536401,84509A,2,12/1/2010 11:21,3.75,15862,United Kingdom
536401,84510A,2,12/1/2010 11:21,1.25,15862,United Kingdom
536401,22767,2,12/1/2010 11:21,9.95,15862,United Kingdom
536401,22768,1,12/1/2010 11:21,9.95,15862,United Kingdom
536401,21463,1,12/1/2010 11:21,5.95,15862,United Kingdom
536401,21464,1,12/1/2010 11:21,4.25,15862,United Kingdom
536401,20820,3,12/1/2010 11:21,4.95,15862,United Kingdom
536401,85150,1,12/1/2010 11:21,2.55,15862,United Kingdom
536401,22117,1,12/1/2010 11:21,2.95,15862,United Kingdom
536401,21169,2,12/1/2010 11:21,1.69,15862,United Kingdom
536401,48129,1,12/1/2010 11:21,7.95,15862,United Kingdom
536401,82580,1,12/1/2010 11:21,0.55,15862,United Kingdom
536401,82578,1,12/1/2010 11:21,0.55,15862,United Kingdom
536401,82581,2,12/1/2010 11:21,0.55,15862,United Kingdom
536401,22413,4,12/1/2010 11:21,2.95,15862,United Kingdom
536401,21907,2,12/1/2010 11:21,2.1,15862,United Kingdom
536401,22441,1,12/1/2010 11:21,2.1,15862,United Kingdom
536401,21122,1,12/1/2010 11:21,1.25,15862,United Kingdom
536401,22851,1,12/1/2010 11:21,0.85,15862,United Kingdom
536401,84991,3,12/1/2010 11:21,0.55,15862,United Kingdom
536401,22810,1,12/1/2010 11:21,2.95,15862,United Kingdom
536401,22809,1,12/1/2010 11:21,2.95,15862,United Kingdom
536401,22435,2,12/1/2010 11:21,1.25,15862,United Kingdom
536401,20966,3,12/1/2010 11:21,1.25,15862,United Kingdom
536401,20963,1,12/1/2010 11:21,1.25,15862,United Kingdom
536401,20961,1,12/1/2010 11:21,1.25,15862,United Kingdom
536401,22068,2,12/1/2010 11:21,1.65,15862,United Kingdom
536401,21743,2,12/1/2010 11:21,2.95,15862,United Kingdom
536401,21744,2,12/1/2010 11:21,2.95,15862,United Kingdom
536401,84709B,1,12/1/2010 11:21,5.95,15862,United Kingdom
536401,21592,1,12/1/2010 11:21,1.25,15862,United Kingdom
536401,21587,2,12/1/2010 11:21,2.55,15862,United Kingdom
536401,20992,9,12/1/2010 11:21,0.85,15862,United Kingdom
536401,22662,1,12/1/2010 11:21,1.65,15862,United Kingdom
536401,85123A,4,12/1/2010 11:21,2.95,15862,United Kingdom
536401,22804,3,12/1/2010 11:21,2.95,15862,United Kingdom
536401,82483,1,12/1/2010 11:21,5.95,15862,United Kingdom
536401,20749,1,12/1/2010 11:21,7.95,15862,United Kingdom
536401,20725,1,12/1/2010 11:21,1.65,15862,United Kingdom
536401,22382,2,12/1/2010 11:21,1.65,15862,United Kingdom
536401,20726,1,12/1/2010 11:21,1.65,15862,United Kingdom
536401,22384,1,12/1/2010 11:21,1.65,15862,United Kingdom
536401,22467,5,12/1/2010 11:21,2.55,15862,United Kingdom
536401,84625C,3,12/1/2010 11:21,2.95,15862,United Kingdom
536401,84625A,3,12/1/2010 11:21,2.95,15862,United Kingdom
536401,21108,9,12/1/2010 11:21,2.55,15862,United Kingdom
536401,22848,1,12/1/2010 11:21,16.95,15862,United Kingdom
536401,21033,4,12/1/2010 11:21,2.95,15862,United Kingdom
536401,47570B,1,12/1/2010 11:21,10.65,15862,United Kingdom
536401,84030E,1,12/1/2010 11:21,4.25,15862,United Kingdom
536401,22428,2,12/1/2010 11:21,6.95,15862,United Kingdom
536401,22502,2,12/1/2010 11:21,5.95,15862,United Kingdom
536402,22086,40,12/1/2010 11:22,2.55,15513,United Kingdom
536402,22910,40,12/1/2010 11:22,2.55,15513,United Kingdom
536402,22837,36,12/1/2010 11:22,4.25,15513,United Kingdom
536403,22867,96,12/1/2010 11:27,1.85,12791,Netherlands
536403,POST,1,12/1/2010 11:27,15,12791,Netherlands
536404,22297,24,12/1/2010 11:29,1.25,16218,United Kingdom
536404,22771,12,12/1/2010 11:29,1.25,16218,United Kingdom
536404,22772,12,12/1/2010 11:29,1.25,16218,United Kingdom
536404,22773,12,12/1/2010 11:29,1.25,16218,United Kingdom
536404,22805,12,12/1/2010 11:29,1.25,16218,United Kingdom
536404,22469,12,12/1/2010 11:29,1.65,16218,United Kingdom
536404,22197,36,12/1/2010 11:29,0.85,16218,United Kingdom
536404,21125,12,12/1/2010 11:29,1.25,16218,United Kingdom
536404,21126,12,12/1/2010 11:29,1.25,16218,United Kingdom
536404,85049C,12,12/1/2010 11:29,1.25,16218,United Kingdom
536404,85049D,12,12/1/2010 11:29,1.25,16218,United Kingdom
536404,85049E,12,12/1/2010 11:29,1.25,16218,United Kingdom
536404,85049G,12,12/1/2010 11:29,1.25,16218,United Kingdom
536404,21061,12,12/1/2010 11:29,0.85,16218,United Kingdom
536404,21063,12,12/1/2010 11:29,0.85,16218,United Kingdom
536404,21062,12,12/1/2010 11:29,0.85,16218,United Kingdom
536404,84380,12,12/1/2010 11:29,1.25,16218,United Kingdom
536404,84378,12,12/1/2010 11:29,1.25,16218,United Kingdom
536404,22964,12,12/1/2010 11:29,2.1,16218,United Kingdom
536404,21213,24,12/1/2010 11:29,0.55,16218,United Kingdom
536404,22417,24,12/1/2010 11:29,0.55,16218,United Kingdom
536404,21212,24,12/1/2010 11:29,0.55,16218,United Kingdom
536404,84992,24,12/1/2010 11:29,0.55,16218,United Kingdom
536404,21975,24,12/1/2010 11:29,0.55,16218,United Kingdom
536404,22383,10,12/1/2010 11:29,1.65,16218,United Kingdom
536404,20728,10,12/1/2010 11:29,1.65,16218,United Kingdom
536404,20727,10,12/1/2010 11:29,1.65,16218,United Kingdom
536404,22296,24,12/1/2010 11:29,1.65,16218,United Kingdom
536405,20914,128,12/1/2010 11:32,2.55,14045,United Kingdom
536406,85123A,8,12/1/2010 11:33,2.55,17850,United Kingdom
536406,71053,8,12/1/2010 11:33,3.39,17850,United Kingdom
536406,84406B,8,12/1/2010 11:33,2.75,17850,United Kingdom
536406,20679,6,12/1/2010 11:33,4.95,17850,United Kingdom
536406,37370,6,12/1/2010 11:33,1.06,17850,United Kingdom
536406,21871,6,12/1/2010 11:33,1.06,17850,United Kingdom
536406,21071,6,12/1/2010 11:33,1.06,17850,United Kingdom
536406,21068,6,12/1/2010 11:33,1.06,17850,United Kingdom
536406,82483,4,12/1/2010 11:33,4.95,17850,United Kingdom
536406,82486,4,12/1/2010 11:33,6.95,17850,United Kingdom
536406,82482,6,12/1/2010 11:33,2.1,17850,United Kingdom
536406,82494L,6,12/1/2010 11:33,2.55,17850,United Kingdom
536406,84029G,6,12/1/2010 11:33,3.39,17850,United Kingdom
536406,84029E,6,12/1/2010 11:33,3.39,17850,United Kingdom
536406,22752,2,12/1/2010 11:33,7.65,17850,United Kingdom
536406,22803,2,12/1/2010 11:33,35.75,17850,United Kingdom
536406,21730,6,12/1/2010 11:33,4.25,17850,United Kingdom
536407,22632,6,12/1/2010 11:34,1.85,17850,United Kingdom
536407,22633,6,12/1/2010 11:34,1.85,17850,United Kingdom
536408,22537,24,12/1/2010 11:41,0.42,14307,United Kingdom
536408,22533,24,12/1/2010 11:41,0.42,14307,United Kingdom
536408,20982,12,12/1/2010 11:41,0.85,14307,United Kingdom
536408,21832,12,12/1/2010 11:41,1.65,14307,United Kingdom
536408,21915,12,12/1/2010 11:41,1.25,14307,United Kingdom
536408,21914,12,12/1/2010 11:41,1.25,14307,United Kingdom
536408,21544,12,12/1/2010 11:41,0.85,14307,United Kingdom
536408,22813,12,12/1/2010 11:41,1.95,14307,United Kingdom
536408,22114,4,12/1/2010 11:41,3.95,14307,United Kingdom
536408,84029E,4,12/1/2010 11:41,3.75,14307,United Kingdom
536408,21479,4,12/1/2010 11:41,3.75,14307,United Kingdom
536408,22964,6,12/1/2010 11:41,2.1,14307,United Kingdom
536408,84375,12,12/1/2010 11:41,2.1,14307,United Kingdom
536408,22418,24,12/1/2010 11:41,0.85,14307,United Kingdom
536408,22178,12,12/1/2010 11:41,1.25,14307,United Kingdom
536408,84970L,12,12/1/2010 11:41,0.95,14307,United Kingdom
536408,21733,6,12/1/2010 11:41,2.95,14307,United Kingdom
536408,22465,12,12/1/2010 11:41,1.65,14307,United Kingdom
536408,84949,6,12/1/2010 11:41,1.65,14307,United Kingdom
536408,20685,2,12/1/2010 11:41,7.95,14307,United Kingdom
536408,48194,2,12/1/2010 11:41,7.95,14307,United Kingdom
536408,22488,12,12/1/2010 11:41,1.65,14307,United Kingdom
536408,22219,12,12/1/2010 11:41,0.85,14307,United Kingdom
536408,84879,8,12/1/2010 11:41,1.69,14307,United Kingdom
536408,21754,3,12/1/2010 11:41,5.95,14307,United Kingdom
536408,21755,3,12/1/2010 11:41,5.95,14307,United Kingdom
536408,22766,8,12/1/2010 11:41,2.95,14307,United Kingdom
536408,22610,36,12/1/2010 11:41,0.85,14307,United Kingdom
536408,22716,12,12/1/2010 11:41,0.42,14307,United Kingdom
536408,22706,25,12/1/2010 11:41,0.42,14307,United Kingdom
536408,22371,4,12/1/2010 11:41,4.25,14307,United Kingdom
536408,85014B,3,12/1/2010 11:41,5.95,14307,United Kingdom
536408,85014A,3,12/1/2010 11:41,5.95,14307,United Kingdom
536408,84997B,6,12/1/2010 11:41,3.75,14307,United Kingdom
536408,21212,24,12/1/2010 11:41,0.55,14307,United Kingdom
536408,21210,12,12/1/2010 11:41,1.45,14307,United Kingdom
536408,22914,3,12/1/2010 11:41,4.95,14307,United Kingdom
536408,22553,12,12/1/2010 11:41,1.65,14307,United Kingdom
536408,16237,30,12/1/2010 11:41,0.21,14307,United Kingdom
536408,22714,12,12/1/2010 11:41,0.42,14307,United Kingdom
536408,22812,12,12/1/2010 11:41,1.95,14307,United Kingdom
536408,84347,6,12/1/2010 11:41,2.55,14307,United Kingdom
536408,21587,12,12/1/2010 11:41,2.55,14307,United Kingdom
536408,22736,10,12/1/2010 11:41,1.65,14307,United Kingdom
536408,22492,36,12/1/2010 11:41,0.65,14307,United Kingdom
536408,22620,12,12/1/2010 11:41,1.25,14307,United Kingdom
536408,22619,4,12/1/2010 11:41,3.75,14307,United Kingdom
536408,21705,12,12/1/2010 11:41,1.65,14307,United Kingdom
536409,90199C,3,12/1/2010 11:45,6.35,17908,United Kingdom
536409,21479,1,12/1/2010 11:45,3.75,17908,United Kingdom
536409,22111,1,12/1/2010 11:45,4.95,17908,United Kingdom
536409,22785,1,12/1/2010 11:45,6.75,17908,United Kingdom
536409,22975,1,12/1/2010 11:45,1.25,17908,United Kingdom
536409,22972,1,12/1/2010 11:45,1.65,17908,United Kingdom
536409,22866,1,12/1/2010 11:45,2.1,17908,United Kingdom
536409,22568,1,12/1/2010 11:45,3.75,17908,United Kingdom
536409,85116,1,12/1/2010 11:45,2.1,17908,United Kingdom
536409,22664,1,12/1/2010 11:45,2.1,17908,United Kingdom
536409,21609,1,12/1/2010 11:45,2.95,17908,United Kingdom
536409,21866,1,12/1/2010 11:45,1.25,17908,United Kingdom
536409,20669,1,12/1/2010 11:45,1.25,17908,United Kingdom
536409,90129F,1,12/1/2010 11:45,2.95,17908,United Kingdom
536409,90210B,1,12/1/2010 11:45,2.95,17908,United Kingdom
536409,90199C,1,12/1/2010 11:45,6.35,17908,United Kingdom
536409,21955,1,12/1/2010 11:45,7.95,17908,United Kingdom
536409,72802C,1,12/1/2010 11:45,4.25,17908,United Kingdom
536409,22109,1,12/1/2010 11:45,3.75,17908,United Kingdom
536409,85116,5,12/1/2010 11:45,2.1,17908,United Kingdom
536409,22531,1,12/1/2010 11:45,0.42,17908,United Kingdom
536409,21811,1,12/1/2010 11:45,1.25,17908,United Kingdom
536409,22183,1,12/1/2010 11:45,6.75,17908,United Kingdom
536409,21678,6,12/1/2010 11:45,0.85,17908,United Kingdom
536409,21676,6,12/1/2010 11:45,0.85,17908,United Kingdom
536409,84625A,1,12/1/2010 11:45,2.95,17908,United Kingdom
536409,84625C,3,12/1/2010 11:45,2.95,17908,United Kingdom
536409,21931,2,12/1/2010 11:45,1.95,17908,United Kingdom
536409,85169B,12,12/1/2010 11:45,1.25,17908,United Kingdom
536409,16238,28,12/1/2010 11:45,0.21,17908,United Kingdom
536409,20668,24,12/1/2010 11:45,0.12,17908,United Kingdom
536409,84906,1,12/1/2010 11:45,5.95,17908,United Kingdom
536409,21867,1,12/1/2010 11:45,1.25,17908,United Kingdom
536409,22075,1,12/1/2010 11:45,1.65,17908,United Kingdom
536409,21866,1,12/1/2010 11:45,1.25,17908,United Kingdom
536409,21326,12,12/1/2010 11:45,0.65,17908,United Kingdom
536409,21065,1,12/1/2010 11:45,5.95,17908,United Kingdom
536409,22074,1,12/1/2010 11:45,1.65,17908,United Kingdom
536409,22900,1,12/1/2010 11:45,2.95,17908,United Kingdom
536409,20713,1,12/1/2010 11:45,1.95,17908,United Kingdom
536409,20966,2,12/1/2010 11:45,1.25,17908,United Kingdom
536409,21116,1,12/1/2010 11:45,4.95,17908,United Kingdom
536409,90199C,2,12/1/2010 11:45,6.35,17908,United Kingdom
536409,22633,1,12/1/2010 11:45,2.1,17908,United Kingdom
536409,22866,1,12/1/2010 11:45,2.1,17908,United Kingdom
536409,22198,1,12/1/2010 11:45,1.65,17908,United Kingdom
536409,21824,3,12/1/2010 11:45,1.45,17908,United Kingdom
536409,21823,3,12/1/2010 11:45,1.45,17908,United Kingdom
536409,22153,6,12/1/2010 11:45,0.42,17908,United Kingdom
536409,22197,2,12/1/2010 11:45,0.85,17908,United Kingdom
536409,85099B,2,12/1/2010 11:45,1.95,17908,United Kingdom
536409,85099F,1,12/1/2010 11:45,1.95,17908,United Kingdom
536409,20717,1,12/1/2010 11:45,1.25,17908,United Kingdom
536409,20723,1,12/1/2010 11:45,0.85,17908,United Kingdom
536409,22900,1,12/1/2010 11:45,2.95,17908,United Kingdom
536409,21980,12,12/1/2010 11:45,0.29,17908,United Kingdom
536409,22111,1,12/1/2010 11:45,4.95,17908,United Kingdom
536409,22112,1,12/1/2010 11:45,4.95,17908,United Kingdom
536412,20728,3,12/1/2010 11:49,1.65,17920,United Kingdom
536412,22382,3,12/1/2010 11:49,1.65,17920,United Kingdom
536412,22326,1,12/1/2010 11:49,2.95,17920,United Kingdom
536412,22662,4,12/1/2010 11:49,1.65,17920,United Kingdom
536412,22383,3,12/1/2010 11:49,1.65,17920,United Kingdom
536412,20727,3,12/1/2010 11:49,1.65,17920,United Kingdom
536412,22328,1,12/1/2010 11:49,2.95,17920,United Kingdom
536412,22327,1,12/1/2010 11:49,2.95,17920,United Kingdom
536412,22630,1,12/1/2010 11:49,1.95,17920,United Kingdom
536412,22629,1,12/1/2010 11:49,1.95,17920,United Kingdom
536412,21245,1,12/1/2010 11:49,1.69,17920,United Kingdom
536412,21244,1,12/1/2010 11:49,1.69,17920,United Kingdom
536412,21242,1,12/1/2010 11:49,1.69,17920,United Kingdom
536412,21243,1,12/1/2010 11:49,1.69,17920,United Kingdom
536412,22327,1,12/1/2010 11:49,2.95,17920,United Kingdom
536412,22273,1,12/1/2010 11:49,2.95,17920,United Kingdom
536412,22940,3,12/1/2010 11:49,4.25,17920,United Kingdom
536412,22652,5,12/1/2010 11:49,1.65,17920,United Kingdom
536412,22759,1,12/1/2010 11:49,1.65,17920,United Kingdom
536412,21880,10,12/1/2010 11:49,0.65,17920,United Kingdom
536412,21738,1,12/1/2010 11:49,2.95,17920,United Kingdom
536412,22077,1,12/1/2010 11:49,1.65,17920,United Kingdom
536412,85049E,3,12/1/2010 11:49,1.25,17920,United Kingdom
536412,22961,24,12/1/2010 11:49,1.45,17920,United Kingdom
536412,21448,2,12/1/2010 11:49,1.65,17920,United Kingdom
536412,22837,3,12/1/2010 11:49,4.65,17920,United Kingdom
536412,22749,2,12/1/2010 11:49,3.75,17920,United Kingdom
536412,22940,1,12/1/2010 11:49,4.25,17920,United Kingdom
536412,22749,1,12/1/2010 11:49,3.75,17920,United Kingdom
536412,22077,2,12/1/2010 11:49,1.65,17920,United Kingdom
536412,21738,2,12/1/2010 11:49,2.95,17920,United Kingdom
536412,85049E,1,12/1/2010 11:49,1.25,17920,United Kingdom
536412,22243,6,12/1/2010 11:49,1.65,17920,United Kingdom
536412,22141,1,12/1/2010 11:49,2.1,17920,United Kingdom
536412,22144,2,12/1/2010 11:49,2.1,17920,United Kingdom
536412,22243,3,12/1/2010 11:49,1.65,17920,United Kingdom
536412,22077,7,12/1/2010 11:49,1.65,17920,United Kingdom
536412,21448,1,12/1/2010 11:49,1.65,17920,United Kingdom
536412,22759,5,12/1/2010 11:49,1.65,17920,United Kingdom
536412,22242,5,12/1/2010 11:49,1.65,17920,United Kingdom
536412,85049E,12,12/1/2010 11:49,1.25,17920,United Kingdom
536412,21731,5,12/1/2010 11:49,1.65,17920,United Kingdom
536412,22243,1,12/1/2010 11:49,1.65,17920,United Kingdom
536412,21739,2,12/1/2010 11:49,2.95,17920,United Kingdom
536412,21738,5,12/1/2010 11:49,2.95,17920,United Kingdom
536412,22271,2,12/1/2010 11:49,2.95,17920,United Kingdom
536412,22273,1,12/1/2010 11:49,2.95,17920,United Kingdom
536412,22274,2,12/1/2010 11:49,2.95,17920,United Kingdom
536412,22749,1,12/1/2010 11:49,3.75,17920,United Kingdom
536412,22751,2,12/1/2010 11:49,3.75,17920,United Kingdom
536412,21034,1,12/1/2010 11:49,0.95,17920,United Kingdom
536412,22273,2,12/1/2010 11:49,2.95,17920,United Kingdom
536412,22568,3,12/1/2010 11:49,3.75,17920,United Kingdom
536412,22141,1,12/1/2010 11:49,2.1,17920,United Kingdom
536412,22144,1,12/1/2010 11:49,2.1,17920,United Kingdom
536412,22570,3,12/1/2010 11:49,3.75,17920,United Kingdom
536412,22569,2,12/1/2010 11:49,3.75,17920,United Kingdom
536412,21448,1,12/1/2010 11:49,1.65,17920,United Kingdom
536412,22086,1,12/1/2010 11:49,2.95,17920,United Kingdom
536412,22569,2,12/1/2010 11:49,3.75,17920,United Kingdom
536412,21448,2,12/1/2010 11:49,1.65,17920,United Kingdom
536412,22968,4,12/1/2010 11:49,9.95,17920,United Kingdom
536412,22902,7,12/1/2010 11:49,2.1,17920,United Kingdom
536412,21448,2,12/1/2010 11:49,1.65,17920,United Kingdom
536412,22902,7,12/1/2010 11:49,2.1,17920,United Kingdom
536412,21710,1,12/1/2010 11:49,4.95,17920,United Kingdom
536412,21708,1,12/1/2010 11:49,4.95,17920,United Kingdom
536412,21711,1,12/1/2010 11:49,4.95,17920,United Kingdom
536412,22179,2,12/1/2010 11:49,6.75,17920,United Kingdom
536412,22197,5,12/1/2010 11:49,0.85,17920,United Kingdom
536412,22900,2,12/1/2010 11:49,2.95,17920,United Kingdom
536412,21706,1,12/1/2010 11:49,4.95,17920,United Kingdom
536412,22468,2,12/1/2010 11:49,6.75,17920,United Kingdom
536412,20725,1,12/1/2010 11:49,1.65,17920,United Kingdom
536412,85184C,1,12/1/2010 11:49,2.95,17920,United Kingdom
536412,21708,1,12/1/2010 11:49,4.95,17920,United Kingdom
536412,22900,2,12/1/2010 11:49,2.95,17920,United Kingdom
536412,21706,1,12/1/2010 11:49,4.95,17920,United Kingdom
536412,22988,6,12/1/2010 11:49,1.25,17920,United Kingdom
536412,85184C,1,12/1/2010 11:49,2.95,17920,United Kingdom
536412,20750,1,12/1/2010 11:49,7.95,17920,United Kingdom
536414,22139,56,12/1/2010 11:52,0,,United Kingdom
536415,22952,10,12/1/2010 11:57,0.55,12838,United Kingdom
536415,22910,5,12/1/2010 11:57,2.95,12838,United Kingdom
536415,22739,3,12/1/2010 11:57,1.65,12838,United Kingdom
536415,22738,3,12/1/2010 11:57,1.65,12838,United Kingdom
536415,22736,3,12/1/2010 11:57,1.65,12838,United Kingdom
536415,22909,5,12/1/2010 11:57,0.85,12838,United Kingdom
536415,35591T,2,12/1/2010 11:57,1.25,12838,United Kingdom
536415,22186,5,12/1/2010 11:57,2.95,12838,United Kingdom
536415,22695,3,12/1/2010 11:57,1.45,12838,United Kingdom
536415,22470,1,12/1/2010 11:57,2.95,12838,United Kingdom
536415,22580,1,12/1/2010 11:57,5.95,12838,United Kingdom
536415,22469,5,12/1/2010 11:57,1.65,12838,United Kingdom
536415,22147,4,12/1/2010 11:57,1.45,12838,United Kingdom
536415,22130,6,12/1/2010 11:57,0.85,12838,United Kingdom
536415,21791,3,12/1/2010 11:57,1.25,12838,United Kingdom
536415,22694,5,12/1/2010 11:57,2.1,12838,United Kingdom
536415,21790,3,12/1/2010 11:57,0.85,12838,United Kingdom
536415,22149,4,12/1/2010 11:57,2.1,12838,United Kingdom
536415,22900,3,12/1/2010 11:57,2.95,12838,United Kingdom
536415,22961,3,12/1/2010 11:57,1.45,12838,United Kingdom
536415,22321,12,12/1/2010 11:57,0.85,12838,United Kingdom
536415,22594,5,12/1/2010 11:57,0.85,12838,United Kingdom
536415,22593,4,12/1/2010 11:57,0.85,12838,United Kingdom
536415,22595,6,12/1/2010 11:57,0.85,12838,United Kingdom
536415,21986,12,12/1/2010 11:57,0.29,12838,United Kingdom
536415,22750,2,12/1/2010 11:57,3.75,12838,United Kingdom
536415,22616,12,12/1/2010 11:57,0.29,12838,United Kingdom
536415,22775,1,12/1/2010 11:57,1.25,12838,United Kingdom
536415,22899,2,12/1/2010 11:57,2.1,12838,United Kingdom
536415,22367,3,12/1/2010 11:57,1.95,12838,United Kingdom
536415,22942,3,12/1/2010 11:57,8.5,12838,United Kingdom
536415,22941,3,12/1/2010 11:57,8.5,12838,United Kingdom
536415,22086,6,12/1/2010 11:57,2.95,12838,United Kingdom
536415,22940,2,12/1/2010 11:57,4.25,12838,United Kingdom
536415,21212,2,12/1/2010 11:57,0.55,12838,United Kingdom
536415,21976,2,12/1/2010 11:57,0.55,12838,United Kingdom
536415,22951,2,12/1/2010 11:57,0.55,12838,United Kingdom
536415,21977,3,12/1/2010 11:57,0.55,12838,United Kingdom
536415,22834,3,12/1/2010 11:57,2.1,12838,United Kingdom
536415,22867,3,12/1/2010 11:57,2.1,12838,United Kingdom
536415,22865,3,12/1/2010 11:57,2.1,12838,United Kingdom
536415,22632,3,12/1/2010 11:57,2.1,12838,United Kingdom
536415,21916,2,12/1/2010 11:57,0.42,12838,United Kingdom
536415,22587,4,12/1/2010 11:57,0.85,12838,United Kingdom
536415,22566,3,12/1/2010 11:57,0.85,12838,United Kingdom
536415,22565,3,12/1/2010 11:57,0.85,12838,United Kingdom
536415,22472,2,12/1/2010 11:57,4.95,12838,United Kingdom
536415,22557,3,12/1/2010 11:57,1.65,12838,United Kingdom
536415,22551,3,12/1/2010 11:57,1.65,12838,United Kingdom
536415,22554,3,12/1/2010 11:57,1.65,12838,United Kingdom
536415,22534,3,12/1/2010 11:57,0.42,12838,United Kingdom
536415,22531,3,12/1/2010 11:57,0.42,12838,United Kingdom
536415,22529,3,12/1/2010 11:57,0.42,12838,United Kingdom
536415,22530,3,12/1/2010 11:57,0.42,12838,United Kingdom
536415,84032B,3,12/1/2010 11:57,2.95,12838,United Kingdom
536415,22837,3,12/1/2010 11:57,4.65,12838,United Kingdom
536415,85049H,2,12/1/2010 11:57,1.25,12838,United Kingdom
536415,22749,2,12/1/2010 11:57,3.75,12838,United Kingdom
536415,22807,12,12/1/2010 11:57,2.95,12838,United Kingdom
536416,21494,12,12/1/2010 11:58,1.25,13255,United Kingdom
536416,21915,72,12/1/2010 11:58,1.25,13255,United Kingdom
536416,22938,12,12/1/2010 11:58,1.95,13255,United Kingdom
536416,22768,4,12/1/2010 11:58,9.95,13255,United Kingdom
536416,22767,4,12/1/2010 11:58,9.95,13255,United Kingdom
536416,82494L,6,12/1/2010 11:58,2.95,13255,United Kingdom
536420,21889,12,12/1/2010 12:03,1.25,16583,United Kingdom
536420,21892,12,12/1/2010 12:03,1.25,16583,United Kingdom
536420,21891,12,12/1/2010 12:03,1.25,16583,United Kingdom
536420,21890,6,12/1/2010 12:03,2.95,16583,United Kingdom
536420,21718,12,12/1/2010 12:03,1.25,16583,United Kingdom
536420,21716,8,12/1/2010 12:03,2.55,16583,United Kingdom
536420,21715,8,12/1/2010 12:03,2.55,16583,United Kingdom
536420,22113,4,12/1/2010 12:03,3.75,16583,United Kingdom
536420,22111,3,12/1/2010 12:03,4.95,16583,United Kingdom
536420,22110,6,12/1/2010 12:03,2.55,16583,United Kingdom
536420,22358,6,12/1/2010 12:03,2.95,16583,United Kingdom
536420,22357,4,12/1/2010 12:03,4.25,16583,United Kingdom
536420,22115,6,12/1/2010 12:03,2.95,16583,United Kingdom
536420,22969,12,12/1/2010 12:03,1.45,16583,United Kingdom
536423,22619,4,12/1/2010 12:08,3.75,18085,United Kingdom
536423,21481,6,12/1/2010 12:08,2.95,18085,United Kingdom
536423,22632,12,12/1/2010 12:08,2.1,18085,United Kingdom
536423,22837,8,12/1/2010 12:08,4.65,18085,United Kingdom
536423,21479,8,12/1/2010 12:08,3.75,18085,United Kingdom
536423,21485,8,12/1/2010 12:08,4.95,18085,United Kingdom
536423,84029E,8,12/1/2010 12:08,3.75,18085,United Kingdom
536423,22111,16,12/1/2010 12:08,4.95,18085,United Kingdom
536423,22113,8,12/1/2010 12:08,3.75,18085,United Kingdom
536425,22837,8,12/1/2010 12:08,4.65,13758,United Kingdom
536425,22585,12,12/1/2010 12:08,1.25,13758,United Kingdom
536425,79321,8,12/1/2010 12:08,4.95,13758,United Kingdom
536425,22637,12,12/1/2010 12:08,2.55,13758,United Kingdom
536425,21556,6,12/1/2010 12:08,2.55,13758,United Kingdom
536425,22646,12,12/1/2010 12:08,1.45,13758,United Kingdom
536425,22644,12,12/1/2010 12:08,1.45,13758,United Kingdom
536425,22645,12,12/1/2010 12:08,1.45,13758,United Kingdom
536425,22650,12,12/1/2010 12:08,1.45,13758,United Kingdom
536425,22508,8,12/1/2010 12:08,3.75,13758,United Kingdom
536425,21411,3,12/1/2010 12:08,4.25,13758,United Kingdom
536425,22511,4,12/1/2010 12:08,3.75,13758,United Kingdom
536425,22451,6,12/1/2010 12:08,3.35,13758,United Kingdom
536425,22449,6,12/1/2010 12:08,3.35,13758,United Kingdom
536425,22768,2,12/1/2010 12:08,9.95,13758,United Kingdom
536425,22829,2,12/1/2010 12:08,9.95,13758,United Kingdom
536425,22961,12,12/1/2010 12:08,1.45,13758,United Kingdom
536437,21154,200,12/1/2010 12:12,1.06,13694,United Kingdom
536437,22189,72,12/1/2010 12:12,3.39,13694,United Kingdom
536437,17021,600,12/1/2010 12:12,0.24,13694,United Kingdom
536437,22059,48,12/1/2010 12:12,1.25,13694,United Kingdom
536437,22188,36,12/1/2010 12:12,3.39,13694,United Kingdom
536437,84678,48,12/1/2010 12:12,1.25,13694,United Kingdom
536446,85172,32,12/1/2010 12:15,0.42,15983,United Kingdom
536446,22142,2,12/1/2010 12:15,1.45,15983,United Kingdom
536446,22144,2,12/1/2010 12:15,2.1,15983,United Kingdom
536446,21591,6,12/1/2010 12:15,1.25,15983,United Kingdom
536446,22480,12,12/1/2010 12:15,1.25,15983,United Kingdom
536446,22294,48,12/1/2010 12:15,1.25,15983,United Kingdom
536446,21156,1,12/1/2010 12:15,1.95,15983,United Kingdom
536446,10133,5,12/1/2010 12:15,0.85,15983,United Kingdom
536446,72800E,6,12/1/2010 12:15,2.55,15983,United Kingdom
536446,22294,24,12/1/2010 12:15,1.25,15983,United Kingdom
536446,84836,12,12/1/2010 12:15,1.25,15983,United Kingdom
536446,20774,2,12/1/2010 12:15,1.65,15983,United Kingdom
536446,20773,2,12/1/2010 12:15,1.65,15983,United Kingdom
536446,20777,2,12/1/2010 12:15,1.65,15983,United Kingdom
536446,16016,10,12/1/2010 12:15,0.85,15983,United Kingdom
536446,16014,10,12/1/2010 12:15,0.42,15983,United Kingdom
536446,21890,2,12/1/2010 12:15,2.95,15983,United Kingdom
536446,21891,2,12/1/2010 12:15,1.25,15983,United Kingdom
536446,22619,8,12/1/2010 12:15,3.75,15983,United Kingdom
536446,22620,6,12/1/2010 12:15,1.25,15983,United Kingdom
536446,84347,12,12/1/2010 12:15,2.55,15983,United Kingdom
536446,85169B,24,12/1/2010 12:15,1.25,15983,United Kingdom
536446,21156,3,12/1/2010 12:15,1.95,15983,United Kingdom
536446,21651,6,12/1/2010 12:15,1.65,15983,United Kingdom
536446,21651,6,12/1/2010 12:15,1.65,15983,United Kingdom
536446,84625C,10,12/1/2010 12:15,2.95,15983,United Kingdom
536446,22618,2,12/1/2010 12:15,9.95,15983,United Kingdom
536446,21586,4,12/1/2010 12:15,2.55,15983,United Kingdom
536446,21587,4,12/1/2010 12:15,2.55,15983,United Kingdom
536446,22152,24,12/1/2010 12:15,0.42,15983,United Kingdom
536446,85172,16,12/1/2010 12:15,0.42,15983,United Kingdom
536446,84754,24,12/1/2010 12:15,1.25,15983,United Kingdom
536460,22670,12,12/1/2010 12:22,1.25,14849,United Kingdom
536460,21586,12,12/1/2010 12:22,2.55,14849,United Kingdom
536460,84992,24,12/1/2010 12:22,0.55,14849,United Kingdom
536460,84879,24,12/1/2010 12:22,1.69,14849,United Kingdom
536460,84849B,12,12/1/2010 12:22,1.69,14849,United Kingdom
536460,22927,2,12/1/2010 12:22,5.95,14849,United Kingdom
536460,22926,4,12/1/2010 12:22,5.95,14849,United Kingdom
536460,22925,2,12/1/2010 12:22,5.95,14849,United Kingdom
536460,21977,24,12/1/2010 12:22,0.55,14849,United Kingdom
536460,21485,6,12/1/2010 12:22,4.95,14849,United Kingdom
536460,21484,8,12/1/2010 12:22,3.45,14849,United Kingdom
536460,21259,2,12/1/2010 12:22,5.95,14849,United Kingdom
536460,21257,2,12/1/2010 12:22,7.95,14849,United Kingdom
536460,21121,24,12/1/2010 12:22,1.25,14849,United Kingdom
536463,82552,12,12/1/2010 12:22,1.45,14849,United Kingdom
536464,90200B,2,12/1/2010 12:23,4.25,17968,United Kingdom
536464,90059B,2,12/1/2010 12:23,1.65,17968,United Kingdom
536464,90185C,2,12/1/2010 12:23,4.25,17968,United Kingdom
536464,90059E,3,12/1/2010 12:23,1.65,17968,United Kingdom
536464,90059C,1,12/1/2010 12:23,1.65,17968,United Kingdom
536464,90200C,1,12/1/2010 12:23,4.25,17968,United Kingdom
536464,90200D,3,12/1/2010 12:23,4.25,17968,United Kingdom
536464,90200A,1,12/1/2010 12:23,4.25,17968,United Kingdom
536464,22386,1,12/1/2010 12:23,1.95,17968,United Kingdom
536464,85099B,1,12/1/2010 12:23,1.95,17968,United Kingdom
536464,84879,8,12/1/2010 12:23,1.69,17968,United Kingdom
536464,22086,1,12/1/2010 12:23,2.95,17968,United Kingdom
536464,22737,1,12/1/2010 12:23,1.65,17968,United Kingdom
536464,21260,1,12/1/2010 12:23,3.25,17968,United Kingdom
536464,22744,2,12/1/2010 12:23,2.95,17968,United Kingdom
536464,21985,1,12/1/2010 12:23,0.29,17968,United Kingdom
536464,21980,1,12/1/2010 12:23,0.29,17968,United Kingdom
536464,22988,1,12/1/2010 12:23,1.25,17968,United Kingdom
536464,22297,1,12/1/2010 12:23,1.25,17968,United Kingdom
536464,22294,1,12/1/2010 12:23,1.25,17968,United Kingdom
536464,22295,1,12/1/2010 12:23,1.65,17968,United Kingdom
536464,22813,2,12/1/2010 12:23,1.95,17968,United Kingdom
536464,22812,6,12/1/2010 12:23,1.95,17968,United Kingdom
536464,22197,5,12/1/2010 12:23,0.85,17968,United Kingdom
536464,21977,1,12/1/2010 12:23,0.55,17968,United Kingdom
536464,22619,1,12/1/2010 12:23,3.75,17968,United Kingdom
536464,16258A,1,12/1/2010 12:23,0.42,17968,United Kingdom
536464,21992,1,12/1/2010 12:23,2.95,17968,United Kingdom
536464,22910,1,12/1/2010 12:23,2.95,17968,United Kingdom
536464,21124,1,12/1/2010 12:23,1.25,17968,United Kingdom
536464,22735,2,12/1/2010 12:23,1.65,17968,United Kingdom
536464,22952,2,12/1/2010 12:23,0.55,17968,United Kingdom
536464,22945,6,12/1/2010 12:23,0.85,17968,United Kingdom
536464,21816,2,12/1/2010 12:23,1.45,17968,United Kingdom
536464,21815,4,12/1/2010 12:23,1.45,17968,United Kingdom
536464,21814,2,12/1/2010 12:23,1.45,17968,United Kingdom
536464,10125,2,12/1/2010 12:23,0.85,17968,United Kingdom
536464,22810,1,12/1/2010 12:23,2.95,17968,United Kingdom
536464,22573,1,12/1/2010 12:23,0.85,17968,United Kingdom
536464,22577,1,12/1/2010 12:23,0.85,17968,United Kingdom
536464,22603,2,12/1/2010 12:23,0.85,17968,United Kingdom
536464,22809,1,12/1/2010 12:23,2.95,17968,United Kingdom
536464,20878,1,12/1/2010 12:23,1.25,17968,United Kingdom
536464,20866,1,12/1/2010 12:23,1.25,17968,United Kingdom
536464,85095,1,12/1/2010 12:23,1.95,17968,United Kingdom
536464,22333,1,12/1/2010 12:23,1.65,17968,United Kingdom
536464,22557,1,12/1/2010 12:23,1.65,17968,United Kingdom
536464,21584,1,12/1/2010 12:23,1.65,17968,United Kingdom
536464,22866,1,12/1/2010 12:23,2.1,17968,United Kingdom
536464,22731,2,12/1/2010 12:23,1.25,17968,United Kingdom
536464,22866,1,12/1/2010 12:23,2.1,17968,United Kingdom
536464,22866,3,12/1/2010 12:23,2.1,17968,United Kingdom
536464,22558,2,12/1/2010 12:23,1.49,17968,United Kingdom
536464,22956,1,12/1/2010 12:23,2.1,17968,United Kingdom
536464,22945,6,12/1/2010 12:23,0.85,17968,United Kingdom
536464,22582,1,12/1/2010 12:23,2.55,17968,United Kingdom
536464,21212,1,12/1/2010 12:23,0.55,17968,United Kingdom
536464,21212,2,12/1/2010 12:23,0.55,17968,United Kingdom
536464,22585,3,12/1/2010 12:23,1.25,17968,United Kingdom
536464,21121,1,12/1/2010 12:23,1.25,17968,United Kingdom
536464,21122,1,12/1/2010 12:23,1.25,17968,United Kingdom
536464,22759,1,12/1/2010 12:23,1.65,17968,United Kingdom
536464,21815,1,12/1/2010 12:23,1.45,17968,United Kingdom
536464,85231B,3,12/1/2010 12:23,0.85,17968,United Kingdom
536464,85231G,5,12/1/2010 12:23,0.85,17968,United Kingdom
536464,22082,5,12/1/2010 12:23,1.65,17968,United Kingdom
536464,22500,2,12/1/2010 12:23,4.95,17968,United Kingdom
536464,22742,1,12/1/2010 12:23,2.95,17968,United Kingdom
536464,21329,1,12/1/2010 12:23,1.65,17968,United Kingdom
536464,21328,1,12/1/2010 12:23,1.65,17968,United Kingdom
536464,21327,1,12/1/2010 12:23,1.65,17968,United Kingdom
536464,21992,1,12/1/2010 12:23,2.95,17968,United Kingdom
536464,21738,1,12/1/2010 12:23,2.95,17968,United Kingdom
536464,48173C,1,12/1/2010 12:23,7.95,17968,United Kingdom
536464,85099C,1,12/1/2010 12:23,1.95,17968,United Kingdom
536464,22960,1,12/1/2010 12:23,4.25,17968,United Kingdom
536464,85231G,1,12/1/2010 12:23,0.85,17968,United Kingdom
536464,85231B,2,12/1/2010 12:23,0.85,17968,United Kingdom
536464,22866,1,12/1/2010 12:23,2.1,17968,United Kingdom
536464,72818,1,12/1/2010 12:23,0.85,17968,United Kingdom
536464,21814,8,12/1/2010 12:23,1.45,17968,United Kingdom
536464,22441,1,12/1/2010 12:23,2.1,17968,United Kingdom
536464,22312,1,12/1/2010 12:23,2.95,17968,United Kingdom
536464,22197,6,12/1/2010 12:23,0.85,17968,United Kingdom
536464,22663,1,12/1/2010 12:23,1.95,17968,United Kingdom
536466,22960,6,12/1/2010 12:23,4.25,14849,United Kingdom
536466,22961,12,12/1/2010 12:23,1.45,14849,United Kingdom
536477,21314,48,12/1/2010 12:27,1.85,16210,United Kingdom
536477,84029E,24,12/1/2010 12:27,3.39,16210,United Kingdom
536477,21137,480,12/1/2010 12:27,3.39,16210,United Kingdom
536477,22041,48,12/1/2010 12:27,2.1,16210,United Kingdom
536477,20979,16,12/1/2010 12:27,1.25,16210,United Kingdom
536477,20977,16,12/1/2010 12:27,1.25,16210,United Kingdom
536477,22619,4,12/1/2010 12:27,3.75,16210,United Kingdom
536477,22571,96,12/1/2010 12:27,0.72,16210,United Kingdom
536477,22595,144,12/1/2010 12:27,0.72,16210,United Kingdom
536477,22593,144,12/1/2010 12:27,0.72,16210,United Kingdom
536477,22633,12,12/1/2010 12:27,2.1,16210,United Kingdom
536477,22632,12,12/1/2010 12:27,2.1,16210,United Kingdom
536477,22423,16,12/1/2010 12:27,10.95,16210,United Kingdom
536477,22411,10,12/1/2010 12:27,1.95,16210,United Kingdom
536488,22738,5,12/1/2010 12:31,1.65,17897,United Kingdom
536488,21621,1,12/1/2010 12:31,8.5,17897,United Kingdom
536488,22960,8,12/1/2010 12:31,4.25,17897,United Kingdom
536488,22082,5,12/1/2010 12:31,1.65,17897,United Kingdom
536488,47563A,1,12/1/2010 12:31,3.75,17897,United Kingdom
536488,84558A,1,12/1/2010 12:31,2.95,17897,United Kingdom
536488,21592,1,12/1/2010 12:31,1.25,17897,United Kingdom
536488,20878,2,12/1/2010 12:31,1.25,17897,United Kingdom
536488,84347,1,12/1/2010 12:31,2.55,17897,United Kingdom
536488,84347,1,12/1/2010 12:31,2.55,17897,United Kingdom
536488,21577,1,12/1/2010 12:31,2.25,17897,United Kingdom
536488,22909,1,12/1/2010 12:31,0.85,17897,United Kingdom
536488,22087,1,12/1/2010 12:31,2.95,17897,United Kingdom
536488,22651,2,12/1/2010 12:31,0.85,17897,United Kingdom
536488,22713,12,12/1/2010 12:31,0.42,17897,United Kingdom
536488,22910,1,12/1/2010 12:31,2.95,17897,United Kingdom
536488,21370,2,12/1/2010 12:31,6.35,17897,United Kingdom
536488,21367,1,12/1/2010 12:31,2.55,17897,United Kingdom
536488,22376,1,12/1/2010 12:31,4.25,17897,United Kingdom
536488,22961,1,12/1/2010 12:31,1.45,17897,United Kingdom
536488,21895,1,12/1/2010 12:31,4.25,17897,United Kingdom
536488,22468,1,12/1/2010 12:31,6.75,17897,United Kingdom
536488,21034,1,12/1/2010 12:31,0.95,17897,United Kingdom
536488,22372,1,12/1/2010 12:31,4.25,17897,United Kingdom
536488,22867,1,12/1/2010 12:31,2.1,17897,United Kingdom
536488,22144,1,12/1/2010 12:31,2.1,17897,United Kingdom
536488,21190,1,12/1/2010 12:31,1.65,17897,United Kingdom
536488,21894,3,12/1/2010 12:31,1.25,17897,United Kingdom
536488,70007,3,12/1/2010 12:31,1.65,17897,United Kingdom
536488,22940,1,12/1/2010 12:31,4.25,17897,United Kingdom
536488,70007,1,12/1/2010 12:31,1.65,17897,United Kingdom
536488,84347,3,12/1/2010 12:31,2.55,17897,United Kingdom
536488,22150,1,12/1/2010 12:31,1.95,17897,United Kingdom
536488,22149,2,12/1/2010 12:31,2.1,17897,United Kingdom
536488,22144,2,12/1/2010 12:31,2.1,17897,United Kingdom
536500,21622,10,12/1/2010 12:35,4.95,17377,United Kingdom
536500,46000M,10,12/1/2010 12:35,1.55,17377,United Kingdom
536500,22630,2,12/1/2010 12:35,1.95,17377,United Kingdom
536500,22616,12,12/1/2010 12:35,0.29,17377,United Kingdom
536500,22712,12,12/1/2010 12:35,0.42,17377,United Kingdom
536500,22983,12,12/1/2010 12:35,0.42,17377,United Kingdom
536500,22024,12,12/1/2010 12:35,0.42,17377,United Kingdom
536500,22113,3,12/1/2010 12:35,3.75,17377,United Kingdom
536500,84029E,2,12/1/2010 12:35,3.75,17377,United Kingdom
536500,21488,2,12/1/2010 12:35,3.95,17377,United Kingdom
536500,22900,7,12/1/2010 12:35,2.95,17377,United Kingdom
536500,22895,3,12/1/2010 12:35,2.95,17377,United Kingdom
536500,21035,3,12/1/2010 12:35,2.95,17377,United Kingdom
536500,21755,6,12/1/2010 12:35,5.95,17377,United Kingdom
536500,21754,6,12/1/2010 12:35,5.95,17377,United Kingdom
536502,84879,16,12/1/2010 12:36,1.69,16552,United Kingdom
536502,22784,3,12/1/2010 12:36,4.95,16552,United Kingdom
536502,21441,12,12/1/2010 12:36,0.85,16552,United Kingdom
536502,85123A,6,12/1/2010 12:36,2.95,16552,United Kingdom
536502,22423,2,12/1/2010 12:36,12.75,16552,United Kingdom
536508,84947,72,12/1/2010 12:38,1.06,17181,United Kingdom
536508,21326,144,12/1/2010 12:38,0.55,17181,United Kingdom
C536506,22960,-6,12/1/2010 12:38,4.25,17897,United Kingdom
536514,22865,36,12/1/2010 12:40,2.1,17951,United Kingdom
536514,22485,4,12/1/2010 12:40,12.75,17951,United Kingdom
536514,22807,6,12/1/2010 12:40,2.95,17951,United Kingdom
536514,22633,36,12/1/2010 12:40,2.1,17951,United Kingdom
536514,22866,36,12/1/2010 12:40,2.1,17951,United Kingdom
536520,21794,1,12/1/2010 12:43,6.75,14729,United Kingdom
536520,20707,1,12/1/2010 12:43,1.25,14729,United Kingdom
536520,21175,1,12/1/2010 12:43,2.1,14729,United Kingdom
536520,22926,1,12/1/2010 12:43,5.95,14729,United Kingdom
536520,22588,2,12/1/2010 12:43,2.55,14729,United Kingdom
536520,21292,16,12/1/2010 12:43,0.85,14729,United Kingdom
536520,21890,1,12/1/2010 12:43,2.95,14729,United Kingdom
536520,22632,4,12/1/2010 12:43,2.1,14729,United Kingdom
536520,22633,3,12/1/2010 12:43,2.1,14729,United Kingdom
536520,22670,1,12/1/2010 12:43,1.25,14729,United Kingdom
536520,21867,1,12/1/2010 12:43,1.25,14729,United Kingdom
536520,22760,1,12/1/2010 12:43,12.75,14729,United Kingdom
536520,22107,2,12/1/2010 12:43,3.75,14729,United Kingdom
536520,22470,1,12/1/2010 12:43,2.95,14729,United Kingdom
536520,21486,1,12/1/2010 12:43,3.75,14729,United Kingdom
536520,22151,14,12/1/2010 12:43,0.42,14729,United Kingdom
536520,22643,4,12/1/2010 12:43,2.55,14729,United Kingdom
536520,22642,4,12/1/2010 12:43,2.55,14729,United Kingdom
536520,22604,3,12/1/2010 12:43,2.55,14729,United Kingdom
536520,22099,2,12/1/2010 12:43,1.25,14729,United Kingdom
536520,22553,1,12/1/2010 12:43,1.65,14729,United Kingdom
536520,22551,1,12/1/2010 12:43,1.65,14729,United Kingdom
536520,22653,1,12/1/2010 12:43,1.95,14729,United Kingdom
536520,22557,2,12/1/2010 12:43,1.65,14729,United Kingdom
536520,22906,6,12/1/2010 12:43,1.65,14729,United Kingdom
536520,22754,1,12/1/2010 12:43,0.85,14729,United Kingdom
536520,22938,5,12/1/2010 12:43,1.95,14729,United Kingdom
536520,22812,3,12/1/2010 12:43,1.95,14729,United Kingdom
536520,22919,2,12/1/2010 12:43,0.65,14729,United Kingdom
536520,22917,1,12/1/2010 12:43,0.65,14729,United Kingdom
536520,22920,3,12/1/2010 12:43,0.65,14729,United Kingdom
536520,22921,2,12/1/2010 12:43,0.65,14729,United Kingdom
536520,22918,2,12/1/2010 12:43,0.65,14729,United Kingdom
536520,22916,1,12/1/2010 12:43,0.65,14729,United Kingdom
536520,85123A,3,12/1/2010 12:43,2.95,14729,United Kingdom
536520,22575,1,12/1/2010 12:43,1.95,14729,United Kingdom
536520,21804,3,12/1/2010 12:43,3.75,14729,United Kingdom
536520,21584,12,12/1/2010 12:43,1.65,14729,United Kingdom
536520,21588,3,12/1/2010 12:43,2.55,14729,United Kingdom
536520,22152,12,12/1/2010 12:43,0.42,14729,United Kingdom
536520,22441,1,12/1/2010 12:43,2.1,14729,United Kingdom
536520,22955,2,12/1/2010 12:43,2.1,14729,United Kingdom
536520,22956,2,12/1/2010 12:43,2.1,14729,United Kingdom
536520,22582,2,12/1/2010 12:43,2.55,14729,United Kingdom
536520,22583,3,12/1/2010 12:43,2.55,14729,United Kingdom
536520,22241,2,12/1/2010 12:43,1.25,14729,United Kingdom
536520,22904,3,12/1/2010 12:43,2.95,14729,United Kingdom
536520,22905,2,12/1/2010 12:43,2.95,14729,United Kingdom
536520,22197,3,12/1/2010 12:43,0.85,14729,United Kingdom
536520,22092,1,12/1/2010 12:43,1.25,14729,United Kingdom
536520,22469,1,12/1/2010 12:43,1.65,14729,United Kingdom
536520,22100,1,12/1/2010 12:43,1.25,14729,United Kingdom
536520,22096,1,12/1/2010 12:43,1.25,14729,United Kingdom
536520,22583,1,12/1/2010 12:43,2.55,14729,United Kingdom
536520,21358,2,12/1/2010 12:43,1.25,14729,United Kingdom
536520,21123,1,12/1/2010 12:43,1.25,14729,United Kingdom
536520,21124,1,12/1/2010 12:43,1.25,14729,United Kingdom
536520,21122,1,12/1/2010 12:43,1.25,14729,United Kingdom
536520,84378,1,12/1/2010 12:43,1.25,14729,United Kingdom
536520,21985,12,12/1/2010 12:43,0.29,14729,United Kingdom
536520,21427,2,12/1/2010 12:43,2.1,14729,United Kingdom
536520,21034,2,12/1/2010 12:43,0.95,14729,United Kingdom
536520,21930,1,12/1/2010 12:43,1.95,14729,United Kingdom
536520,20772,1,12/1/2010 12:43,2.55,14729,United Kingdom
536520,22469,2,12/1/2010 12:43,1.65,14729,United Kingdom
536520,71406C,12,12/1/2010 12:43,0.42,14729,United Kingdom
536520,84985A,1,12/1/2010 12:43,1.45,14729,United Kingdom
536520,20754,1,12/1/2010 12:43,2.1,14729,United Kingdom
536520,84596E,1,12/1/2010 12:43,1.25,14729,United Kingdom
536520,21111,1,12/1/2010 12:43,2.95,14729,United Kingdom
536520,22501,1,12/1/2010 12:43,9.95,14729,United Kingdom
536521,22854,1,12/1/2010 12:48,4.95,12748,United Kingdom
536522,84997D,1,12/1/2010 12:49,3.75,15012,United Kingdom
536522,47599A,1,12/1/2010 12:49,2.1,15012,United Kingdom
536522,47599B,1,12/1/2010 12:49,2.1,15012,United Kingdom
536522,22749,1,12/1/2010 12:49,3.75,15012,United Kingdom
536522,20972,1,12/1/2010 12:49,1.25,15012,United Kingdom
536522,22569,1,12/1/2010 12:49,3.75,15012,United Kingdom
536522,21041,1,12/1/2010 12:49,2.95,15012,United Kingdom
536522,21664,2,12/1/2010 12:49,3.75,15012,United Kingdom
536522,84969,1,12/1/2010 12:49,4.25,15012,United Kingdom
536522,22907,1,12/1/2010 12:49,0.85,15012,United Kingdom
536522,22865,2,12/1/2010 12:49,2.1,15012,United Kingdom
536522,22866,1,12/1/2010 12:49,2.1,15012,United Kingdom
536522,22632,2,12/1/2010 12:49,2.1,15012,United Kingdom
536522,22776,1,12/1/2010 12:49,9.95,15012,United Kingdom
536522,22338,2,12/1/2010 12:49,0.65,15012,United Kingdom
536522,21810,2,12/1/2010 12:49,1.25,15012,United Kingdom
536522,22449,1,12/1/2010 12:49,3.35,15012,United Kingdom
536522,21197,1,12/1/2010 12:49,1.65,15012,United Kingdom
536522,85231G,1,12/1/2010 12:49,0.85,15012,United Kingdom
536522,21121,1,12/1/2010 12:49,1.25,15012,United Kingdom
536522,22151,2,12/1/2010 12:49,0.42,15012,United Kingdom
536522,84836,2,12/1/2010 12:49,1.25,15012,United Kingdom
536522,21326,12,12/1/2010 12:49,0.65,15012,United Kingdom
536522,85035B,1,12/1/2010 12:49,4.25,15012,United Kingdom
536522,84968C,1,12/1/2010 12:49,12.75,15012,United Kingdom
536522,85231B,1,12/1/2010 12:49,0.85,15012,United Kingdom
536522,22739,5,12/1/2010 12:49,1.65,15012,United Kingdom
536522,37370,2,12/1/2010 12:49,1.25,15012,United Kingdom
536522,22941,1,12/1/2010 12:49,8.5,15012,United Kingdom
536522,21098,2,12/1/2010 12:49,1.25,15012,United Kingdom
536522,22151,1,12/1/2010 12:49,0.42,15012,United Kingdom
536522,84836,1,12/1/2010 12:49,1.25,15012,United Kingdom
536522,20914,1,12/1/2010 12:49,2.95,15012,United Kingdom
536522,22749,2,12/1/2010 12:49,3.75,15012,United Kingdom
536522,21190,1,12/1/2010 12:49,1.65,15012,United Kingdom
536522,84997C,1,12/1/2010 12:49,3.75,15012,United Kingdom
536522,21810,1,12/1/2010 12:49,1.25,15012,United Kingdom
536522,21192,3,12/1/2010 12:49,1.65,15012,United Kingdom
536522,85014A,1,12/1/2010 12:49,5.95,15012,United Kingdom
536522,21124,2,12/1/2010 12:49,1.25,15012,United Kingdom
536522,72800B,2,12/1/2010 12:49,2.55,15012,United Kingdom
536522,84563A,1,12/1/2010 12:49,5.95,15012,United Kingdom
536522,22107,2,12/1/2010 12:49,3.75,15012,United Kingdom
536522,47504H,1,12/1/2010 12:49,1.95,15012,United Kingdom
536522,21121,1,12/1/2010 12:49,1.25,15012,United Kingdom
536522,21122,1,12/1/2010 12:49,1.25,15012,United Kingdom
536522,21742,1,12/1/2010 12:49,5.95,15012,United Kingdom
536522,22566,1,12/1/2010 12:49,0.85,15012,United Kingdom
536522,21664,1,12/1/2010 12:49,3.75,15012,United Kingdom
536522,22632,1,12/1/2010 12:49,2.1,15012,United Kingdom
536522,21122,1,12/1/2010 12:49,1.25,15012,United Kingdom
536522,22481,3,12/1/2010 12:49,1.25,15012,United Kingdom
536522,85099B,1,12/1/2010 12:49,1.95,15012,United Kingdom
536522,21931,1,12/1/2010 12:49,1.95,15012,United Kingdom
536523,22943,6,12/1/2010 12:50,4.95,12868,United Kingdom
536523,22468,2,12/1/2010 12:50,6.75,12868,United Kingdom
536523,22149,6,12/1/2010 12:50,2.1,12868,United Kingdom
536523,21485,3,12/1/2010 12:50,4.95,12868,United Kingdom
536523,21259,2,12/1/2010 12:50,5.95,12868,United Kingdom
536523,22969,12,12/1/2010 12:50,1.45,12868,United Kingdom
536523,22699,6,12/1/2010 12:50,2.95,12868,United Kingdom
536523,22217,12,12/1/2010 12:50,1.25,12868,United Kingdom
536523,22227,24,12/1/2010 12:50,0.65,12868,United Kingdom
536523,22219,12,12/1/2010 12:50,0.85,12868,United Kingdom
536523,22111,3,12/1/2010 12:50,4.95,12868,United Kingdom
536523,22294,24,12/1/2010 12:50,1.25,12868,United Kingdom
536524,21111,6,12/1/2010 12:51,2.95,17572,United Kingdom
536524,21106,6,12/1/2010 12:51,2.95,17572,United Kingdom
536524,21107,6,12/1/2010 12:51,2.95,17572,United Kingdom
536524,22697,6,12/1/2010 12:51,2.95,17572,United Kingdom
536525,21826,2,12/1/2010 12:54,1.25,14078,United Kingdom
536525,21791,1,12/1/2010 12:54,1.25,14078,United Kingdom
536525,22548,1,12/1/2010 12:54,1.25,14078,United Kingdom
536525,22149,1,12/1/2010 12:54,2.1,14078,United Kingdom
536525,17164B,2,12/1/2010 12:54,0.42,14078,United Kingdom
536525,22423,2,12/1/2010 12:54,12.75,14078,United Kingdom
536525,22429,1,12/1/2010 12:54,4.25,14078,United Kingdom
536525,22428,1,12/1/2010 12:54,6.95,14078,United Kingdom
536525,20974,3,12/1/2010 12:54,0.65,14078,United Kingdom
536525,20973,2,12/1/2010 12:54,0.65,14078,United Kingdom
536525,15044B,1,12/1/2010 12:54,2.95,14078,United Kingdom
536525,21324,2,12/1/2010 12:54,2.95,14078,United Kingdom
536525,20750,10,12/1/2010 12:54,7.95,14078,United Kingdom
536526,21135,16,12/1/2010 12:58,1.69,14001,United Kingdom
536526,22173,16,12/1/2010 12:58,2.95,14001,United Kingdom
536526,22626,2,12/1/2010 12:58,8.5,14001,United Kingdom
536526,22625,6,12/1/2010 12:58,8.5,14001,United Kingdom
536526,22624,6,12/1/2010 12:58,8.5,14001,United Kingdom
536526,21929,20,12/1/2010 12:58,1.95,14001,United Kingdom
536526,85099B,10,12/1/2010 12:58,1.95,14001,United Kingdom
536526,22411,10,12/1/2010 12:58,1.95,14001,United Kingdom
536526,22113,8,12/1/2010 12:58,3.75,14001,United Kingdom
536527,22809,6,12/1/2010 13:04,2.95,12662,Germany
536527,84347,6,12/1/2010 13:04,2.55,12662,Germany
536527,84945,12,12/1/2010 13:04,0.85,12662,Germany
536527,22242,12,12/1/2010 13:04,1.65,12662,Germany
536527,22244,12,12/1/2010 13:04,1.95,12662,Germany
536527,22243,12,12/1/2010 13:04,1.65,12662,Germany
536527,47421,24,12/1/2010 13:04,0.42,12662,Germany
536527,20712,10,12/1/2010 13:04,1.95,12662,Germany
536527,20713,10,12/1/2010 13:04,1.95,12662,Germany
536527,22837,4,12/1/2010 13:04,4.65,12662,Germany
536527,22969,12,12/1/2010 13:04,1.45,12662,Germany
536527,22973,12,12/1/2010 13:04,1.65,12662,Germany
536527,84569B,12,12/1/2010 13:04,1.25,12662,Germany
536527,22549,12,12/1/2010 13:04,1.45,12662,Germany
536527,POST,1,12/1/2010 13:04,18,12662,Germany
536528,22815,12,12/1/2010 13:17,0.42,15525,United Kingdom
536528,22865,1,12/1/2010 13:17,2.1,15525,United Kingdom
536528,22585,6,12/1/2010 13:17,1.25,15525,United Kingdom
536528,21587,1,12/1/2010 13:17,2.55,15525,United Kingdom
536528,84985A,1,12/1/2010 13:17,1.45,15525,United Kingdom
536528,85114B,1,12/1/2010 13:17,1.65,15525,United Kingdom
536528,22813,3,12/1/2010 13:17,1.95,15525,United Kingdom
536528,22128,6,12/1/2010 13:17,1.25,15525,United Kingdom
536528,22839,1,12/1/2010 13:17,14.95,15525,United Kingdom
536528,22584,2,12/1/2010 13:17,2.55,15525,United Kingdom
536528,22130,12,12/1/2010 13:17,0.85,15525,United Kingdom
536528,22938,3,12/1/2010 13:17,1.95,15525,United Kingdom
536528,22411,1,12/1/2010 13:17,1.95,15525,United Kingdom
536528,21731,2,12/1/2010 13:17,1.65,15525,United Kingdom
536528,22616,1,12/1/2010 13:17,0.29,15525,United Kingdom
536528,22454,1,12/1/2010 13:17,2.95,15525,United Kingdom
536528,22865,1,12/1/2010 13:17,2.1,15525,United Kingdom
536528,21992,1,12/1/2010 13:17,2.95,15525,United Kingdom
536528,22326,4,12/1/2010 13:17,2.95,15525,United Kingdom
536528,22082,1,12/1/2010 13:17,1.65,15525,United Kingdom
536528,85049E,1,12/1/2010 13:17,1.25,15525,United Kingdom
536528,22077,2,12/1/2010 13:17,1.65,15525,United Kingdom
536528,85049A,1,12/1/2010 13:17,1.25,15525,United Kingdom
536528,22865,2,12/1/2010 13:17,2.1,15525,United Kingdom
536528,22867,3,12/1/2010 13:17,2.1,15525,United Kingdom
536528,22910,3,12/1/2010 13:17,2.95,15525,United Kingdom
536528,22963,2,12/1/2010 13:17,0.85,15525,United Kingdom
536528,22960,1,12/1/2010 13:17,4.25,15525,United Kingdom
536528,85114C,1,12/1/2010 13:17,1.65,15525,United Kingdom
536528,85114B,1,12/1/2010 13:17,1.65,15525,United Kingdom
536528,22974,2,12/1/2010 13:17,1.65,15525,United Kingdom
536528,22423,1,12/1/2010 13:17,12.75,15525,United Kingdom
536528,21452,2,12/1/2010 13:17,2.95,15525,United Kingdom
536528,22938,1,12/1/2010 13:17,1.95,15525,United Kingdom
536528,22812,3,12/1/2010 13:17,1.95,15525,United Kingdom
536528,22584,2,12/1/2010 13:17,2.55,15525,United Kingdom
536528,22744,2,12/1/2010 13:17,2.95,15525,United Kingdom
536528,22743,1,12/1/2010 13:17,2.95,15525,United Kingdom
536528,22911,1,12/1/2010 13:17,2.95,15525,United Kingdom
536528,22585,5,12/1/2010 13:17,1.25,15525,United Kingdom
536528,22900,1,12/1/2010 13:17,2.95,15525,United Kingdom
536528,22911,1,12/1/2010 13:17,2.95,15525,United Kingdom
536528,22743,1,12/1/2010 13:17,2.95,15525,United Kingdom
536528,22744,2,12/1/2010 13:17,2.95,15525,United Kingdom
536528,22961,1,12/1/2010 13:17,1.45,15525,United Kingdom
536528,22411,1,12/1/2010 13:17,1.95,15525,United Kingdom
536528,22454,2,12/1/2010 13:17,2.95,15525,United Kingdom
536528,22453,1,12/1/2010 13:17,2.95,15525,United Kingdom
536528,84985A,1,12/1/2010 13:17,1.45,15525,United Kingdom
536528,22445,4,12/1/2010 13:17,2.95,15525,United Kingdom
536528,22568,3,12/1/2010 13:17,3.75,15525,United Kingdom
536528,22570,1,12/1/2010 13:17,3.75,15525,United Kingdom
536528,22607,1,12/1/2010 13:17,9.95,15525,United Kingdom
536528,22635,1,12/1/2010 13:17,9.95,15525,United Kingdom
536528,22634,1,12/1/2010 13:17,9.95,15525,United Kingdom
536528,22839,1,12/1/2010 13:17,14.95,15525,United Kingdom
536528,22968,3,12/1/2010 13:17,9.95,15525,United Kingdom
536529,22222,3,12/1/2010 13:20,4.95,14237,United Kingdom
536529,22947,2,12/1/2010 13:20,16.95,14237,United Kingdom
536529,21743,6,12/1/2010 13:20,2.95,14237,United Kingdom
536529,22187,4,12/1/2010 13:20,4.25,14237,United Kingdom
536529,22164,6,12/1/2010 13:20,2.95,14237,United Kingdom
536529,72598,12,12/1/2010 13:20,0.85,14237,United Kingdom
536529,21258,1,12/1/2010 13:20,12.75,14237,United Kingdom
536529,22627,2,12/1/2010 13:20,8.5,14237,United Kingdom
536529,22487,2,12/1/2010 13:20,9.95,14237,United Kingdom
536530,22360,2,12/1/2010 13:21,2.95,17905,United Kingdom
536530,22364,1,12/1/2010 13:21,2.95,17905,United Kingdom
536530,21657,1,12/1/2010 13:21,6.95,17905,United Kingdom
536530,22699,4,12/1/2010 13:21,2.95,17905,United Kingdom
536530,21071,24,12/1/2010 13:21,1.25,17905,United Kingdom
536530,22941,1,12/1/2010 13:21,8.5,17905,United Kingdom
536530,22120,1,12/1/2010 13:21,9.95,17905,United Kingdom
536530,22423,1,12/1/2010 13:21,12.75,17905,United Kingdom
536530,21038,1,12/1/2010 13:21,2.95,17905,United Kingdom
536530,21625,1,12/1/2010 13:21,6.95,17905,United Kingdom
536530,22783,1,12/1/2010 13:21,19.95,17905,United Kingdom
536530,22097,1,12/1/2010 13:21,1.25,17905,United Kingdom
536530,82552,1,12/1/2010 13:21,1.45,17905,United Kingdom
536530,21179,1,12/1/2010 13:21,1.25,17905,United Kingdom
536530,22185,4,12/1/2010 13:21,1.65,17905,United Kingdom
536530,22097,1,12/1/2010 13:21,1.25,17905,United Kingdom
536530,21662,1,12/1/2010 13:21,5.95,17905,United Kingdom
536530,85104,8,12/1/2010 13:21,2.95,17905,United Kingdom
536530,21654,6,12/1/2010 13:21,1.45,17905,United Kingdom
536530,21658,1,12/1/2010 13:21,3.95,17905,United Kingdom
536530,21664,2,12/1/2010 13:21,3.75,17905,United Kingdom
536530,22943,2,12/1/2010 13:21,4.95,17905,United Kingdom
536530,22411,6,12/1/2010 13:21,1.95,17905,United Kingdom
536531,21519,24,12/1/2010 13:23,0.42,15485,United Kingdom
536531,22819,24,12/1/2010 13:23,0.42,15485,United Kingdom
536531,21506,24,12/1/2010 13:23,0.42,15485,United Kingdom
536531,22704,25,12/1/2010 13:23,0.42,15485,United Kingdom
536531,21498,25,12/1/2010 13:23,0.42,15485,United Kingdom
536531,15056N,12,12/1/2010 13:23,5.95,15485,United Kingdom
536531,15056BL,12,12/1/2010 13:23,5.95,15485,United Kingdom
536531,20679,12,12/1/2010 13:23,5.95,15485,United Kingdom
536531,22049,25,12/1/2010 13:23,0.42,15485,United Kingdom
536531,21498,25,12/1/2010 13:23,0.42,15485,United Kingdom
536531,21497,25,12/1/2010 13:23,0.42,15485,United Kingdom
536531,21333,12,12/1/2010 13:23,2.95,15485,United Kingdom
536531,22727,9,12/1/2010 13:23,3.75,15485,United Kingdom
536531,22726,9,12/1/2010 13:23,3.75,15485,United Kingdom
536531,22730,9,12/1/2010 13:23,3.75,15485,United Kingdom
536531,22086,80,12/1/2010 13:23,2.55,15485,United Kingdom
536531,22910,40,12/1/2010 13:23,2.55,15485,United Kingdom
536531,22194,2,12/1/2010 13:23,8.5,15485,United Kingdom
536531,22192,4,12/1/2010 13:23,8.5,15485,United Kingdom
536531,22193,4,12/1/2010 13:23,8.5,15485,United Kingdom
536531,22191,4,12/1/2010 13:23,8.5,15485,United Kingdom
536531,22688,4,12/1/2010 13:23,7.95,15485,United Kingdom
536531,22768,6,12/1/2010 13:23,9.95,15485,United Kingdom
536532,84692,50,12/1/2010 13:24,0.42,12433,Norway
536532,22444,96,12/1/2010 13:24,1.06,12433,Norway
536532,22899,8,12/1/2010 13:24,2.1,12433,Norway
536532,21156,8,12/1/2010 13:24,1.95,12433,Norway
536532,22556,24,12/1/2010 13:24,1.65,12433,Norway
536532,22555,36,12/1/2010 13:24,1.65,12433,Norway
536532,22554,24,12/1/2010 13:24,1.65,12433,Norway
536532,22553,24,12/1/2010 13:24,1.65,12433,Norway
536532,22551,24,12/1/2010 13:24,1.65,12433,Norway
536532,22547,24,12/1/2010 13:24,0.42,12433,Norway
536532,22544,24,12/1/2010 13:24,0.42,12433,Norway
536532,22543,24,12/1/2010 13:24,0.42,12433,Norway
536532,22540,24,12/1/2010 13:24,0.42,12433,Norway
536532,22539,24,12/1/2010 13:24,0.42,12433,Norway
536532,22534,24,12/1/2010 13:24,0.42,12433,Norway
536532,22530,24,12/1/2010 13:24,0.42,12433,Norway
536532,22531,24,12/1/2010 13:24,0.42,12433,Norway
536532,22561,24,12/1/2010 13:24,1.65,12433,Norway
536532,22489,24,12/1/2010 13:24,0.42,12433,Norway
536532,22814,12,12/1/2010 13:24,0.42,12433,Norway
536532,21520,12,12/1/2010 13:24,0.42,12433,Norway
536532,21506,12,12/1/2010 13:24,0.42,12433,Norway
536532,22716,12,12/1/2010 13:24,0.42,12433,Norway
536532,22866,12,12/1/2010 13:24,2.1,12433,Norway
536532,22632,12,12/1/2010 13:24,2.1,12433,Norway
536532,22865,12,12/1/2010 13:24,2.1,12433,Norway
536532,22114,8,12/1/2010 13:24,3.95,12433,Norway
536532,21982,48,12/1/2010 13:24,0.29,12433,Norway
536532,21981,48,12/1/2010 13:24,0.29,12433,Norway
536532,21967,48,12/1/2010 13:24,0.29,12433,Norway
536532,22092,12,12/1/2010 13:24,1.25,12433,Norway
536532,21983,48,12/1/2010 13:24,0.29,12433,Norway
536532,22615,48,12/1/2010 13:24,0.29,12433,Norway
536532,21980,48,12/1/2010 13:24,0.29,12433,Norway
536532,22614,48,12/1/2010 13:24,0.29,12433,Norway
536532,22095,12,12/1/2010 13:24,1.25,12433,Norway
536532,22094,12,12/1/2010 13:24,1.25,12433,Norway
536532,21984,48,12/1/2010 13:24,0.29,12433,Norway
536532,22557,36,12/1/2010 13:24,1.65,12433,Norway
536532,21786,24,12/1/2010 13:24,0.42,12433,Norway
536532,21080,36,12/1/2010 13:24,0.85,12433,Norway
536532,22963,12,12/1/2010 13:24,0.85,12433,Norway
536532,22962,12,12/1/2010 13:24,0.85,12433,Norway
536532,22961,24,12/1/2010 13:24,1.45,12433,Norway
536532,84375,24,12/1/2010 13:24,2.1,12433,Norway
536532,22966,24,12/1/2010 13:24,1.25,12433,Norway
536532,21874,24,12/1/2010 13:24,1.25,12433,Norway
536532,21873,24,12/1/2010 13:24,1.25,12433,Norway
536532,21870,24,12/1/2010 13:24,1.25,12433,Norway
536532,22956,12,12/1/2010 13:24,2.1,12433,Norway
536532,84050,72,12/1/2010 13:24,1.25,12433,Norway
536532,84991,24,12/1/2010 13:24,0.55,12433,Norway
536532,84992,24,12/1/2010 13:24,0.55,12433,Norway
536532,21213,24,12/1/2010 13:24,0.55,12433,Norway
536532,21977,24,12/1/2010 13:24,0.55,12433,Norway
536532,21212,24,12/1/2010 13:24,0.55,12433,Norway
536532,22198,48,12/1/2010 13:24,1.65,12433,Norway
536532,22197,72,12/1/2010 13:24,0.85,12433,Norway
536532,22315,12,12/1/2010 13:24,1.25,12433,Norway
536532,22667,12,12/1/2010 13:24,2.95,12433,Norway
536532,22666,12,12/1/2010 13:24,2.95,12433,Norway
536532,22665,12,12/1/2010 13:24,2.95,12433,Norway
536532,22558,24,12/1/2010 13:24,1.49,12433,Norway
536532,22567,24,12/1/2010 13:24,1.25,12433,Norway
536532,85150,12,12/1/2010 13:24,2.55,12433,Norway
536532,21166,12,12/1/2010 13:24,1.95,12433,Norway
536532,85152,24,12/1/2010 13:24,2.1,12433,Norway
536532,82600,24,12/1/2010 13:24,2.1,12433,Norway
536532,21733,6,12/1/2010 13:24,2.95,12433,Norway
536532,20685,2,12/1/2010 13:24,7.95,12433,Norway
536532,22842,6,12/1/2010 13:24,6.75,12433,Norway
536532,22494,24,12/1/2010 13:24,1.25,12433,Norway
536532,21260,12,12/1/2010 13:24,3.25,12433,Norway
536533,20754,6,12/1/2010 13:31,2.1,16955,United Kingdom
536533,22740,48,12/1/2010 13:31,0.85,16955,United Kingdom
536533,22825,2,12/1/2010 13:31,7.95,16955,United Kingdom
536533,22680,20,12/1/2010 13:31,1.25,16955,United Kingdom
536533,22797,3,12/1/2010 13:31,16.95,16955,United Kingdom
536533,21843,1,12/1/2010 13:31,10.95,16955,United Kingdom
536534,22866,12,12/1/2010 13:33,2.1,15350,United Kingdom
536534,22834,12,12/1/2010 13:33,2.1,15350,United Kingdom
536534,22865,12,12/1/2010 13:33,2.1,15350,United Kingdom
536534,22867,12,12/1/2010 13:33,2.1,15350,United Kingdom
536534,22112,3,12/1/2010 13:33,4.95,15350,United Kingdom
536535,22943,3,12/1/2010 13:38,4.95,15605,United Kingdom
536535,22118,3,12/1/2010 13:38,4.95,15605,United Kingdom
536535,22121,3,12/1/2010 13:38,5.95,15605,United Kingdom
536535,22119,3,12/1/2010 13:38,6.95,15605,United Kingdom
536535,21485,3,12/1/2010 13:38,4.95,15605,United Kingdom
536535,22219,12,12/1/2010 13:38,0.85,15605,United Kingdom
536535,21523,2,12/1/2010 13:38,7.95,15605,United Kingdom
536535,48194,2,12/1/2010 13:38,7.95,15605,United Kingdom
536535,20685,2,12/1/2010 13:38,7.95,15605,United Kingdom
536535,21156,8,12/1/2010 13:38,1.95,15605,United Kingdom
536535,22418,24,12/1/2010 13:38,0.85,15605,United Kingdom
536535,22311,6,12/1/2010 13:38,2.95,15605,United Kingdom
536536,21485,3,12/1/2010 13:45,4.95,18144,United Kingdom
536536,84879,80,12/1/2010 13:45,1.69,18144,United Kingdom
536536,72817,12,12/1/2010 13:45,1.25,18144,United Kingdom
536537,22277,36,12/1/2010 13:51,2.1,15922,United Kingdom
536537,22333,8,12/1/2010 13:51,1.65,15922,United Kingdom
536537,20867,36,12/1/2010 13:51,1.25,15922,United Kingdom
536537,21688,12,12/1/2010 13:51,2.95,15922,United Kingdom
536537,21694,12,12/1/2010 13:51,2.95,15922,United Kingdom
536537,22183,6,12/1/2010 13:51,6.75,15922,United Kingdom
536537,22423,2,12/1/2010 13:51,12.75,15922,United Kingdom
536537,22798,8,12/1/2010 13:51,2.95,15922,United Kingdom
536537,22800,8,12/1/2010 13:51,3.75,15922,United Kingdom
536537,22801,8,12/1/2010 13:51,3.75,15922,United Kingdom
536537,22781,2,12/1/2010 13:51,7.65,15922,United Kingdom
536538,21466,1,12/1/2010 13:54,3.75,14594,United Kingdom
536538,21467,1,12/1/2010 13:54,3.75,14594,United Kingdom
536538,21471,1,12/1/2010 13:54,3.75,14594,United Kingdom
536538,21469,1,12/1/2010 13:54,3.75,14594,United Kingdom
536538,21523,1,12/1/2010 13:54,7.95,14594,United Kingdom
536538,48129,1,12/1/2010 13:54,7.95,14594,United Kingdom
536538,21524,1,12/1/2010 13:54,7.95,14594,United Kingdom
536538,22791,12,12/1/2010 13:54,1.25,14594,United Kingdom
536538,84949,6,12/1/2010 13:54,1.65,14594,United Kingdom
536538,22086,5,12/1/2010 13:54,2.95,14594,United Kingdom
536538,22910,5,12/1/2010 13:54,2.95,14594,United Kingdom
536538,22457,2,12/1/2010 13:54,2.95,14594,United Kingdom
536538,21690,4,12/1/2010 13:54,3.75,14594,United Kingdom
536538,22752,2,12/1/2010 13:54,8.5,14594,United Kingdom
536538,37343,6,12/1/2010 13:54,1.65,14594,United Kingdom
536538,22088,1,12/1/2010 13:54,2.95,14594,United Kingdom
536538,22195,5,12/1/2010 13:54,1.65,14594,United Kingdom
536538,22470,2,12/1/2010 13:54,2.95,14594,United Kingdom
536538,22469,8,12/1/2010 13:54,1.65,14594,United Kingdom
536538,22173,2,12/1/2010 13:54,2.95,14594,United Kingdom
536538,22584,2,12/1/2010 13:54,2.55,14594,United Kingdom
536538,22583,2,12/1/2010 13:54,2.55,14594,United Kingdom
536538,21143,3,12/1/2010 13:54,1.95,14594,United Kingdom
536538,84944,2,12/1/2010 13:54,4.25,14594,United Kingdom
536538,22601,10,12/1/2010 13:54,0.85,14594,United Kingdom
536538,22603,10,12/1/2010 13:54,0.85,14594,United Kingdom
536538,22600,10,12/1/2010 13:54,0.85,14594,United Kingdom
536538,22574,10,12/1/2010 13:54,0.85,14594,United Kingdom
536538,22573,10,12/1/2010 13:54,0.85,14594,United Kingdom
536538,85199L,10,12/1/2010 13:54,0.65,14594,United Kingdom
536538,85199S,10,12/1/2010 13:54,0.42,14594,United Kingdom
536539,22969,12,12/1/2010 14:03,1.45,15165,United Kingdom
536539,72741,18,12/1/2010 14:03,1.45,15165,United Kingdom
536539,37495,4,12/1/2010 14:03,3.75,15165,United Kingdom
536539,22807,6,12/1/2010 14:03,2.95,15165,United Kingdom
536539,22171,2,12/1/2010 14:03,8.5,15165,United Kingdom
536539,82486,2,12/1/2010 14:03,7.95,15165,United Kingdom
536539,22173,8,12/1/2010 14:03,2.95,15165,United Kingdom
536539,85067,1,12/1/2010 14:03,18.95,15165,United Kingdom
536539,48184,2,12/1/2010 14:03,7.95,15165,United Kingdom
536539,48138,2,12/1/2010 14:03,7.95,15165,United Kingdom
536539,48129,2,12/1/2010 14:03,7.95,15165,United Kingdom
536539,21625,3,12/1/2010 14:03,6.95,15165,United Kingdom
536539,22326,6,12/1/2010 14:03,2.95,15165,United Kingdom
536539,22423,2,12/1/2010 14:03,12.75,15165,United Kingdom
536539,21743,6,12/1/2010 14:03,2.95,15165,United Kingdom
536539,22557,12,12/1/2010 14:03,1.65,15165,United Kingdom
536539,22554,12,12/1/2010 14:03,1.65,15165,United Kingdom
536539,85019A,4,12/1/2010 14:03,4.25,15165,United Kingdom
536539,85019C,3,12/1/2010 14:03,4.25,15165,United Kingdom
536539,20902,2,12/1/2010 14:03,6.35,15165,United Kingdom
536539,21429,8,12/1/2010 14:03,1.65,15165,United Kingdom
536539,22867,12,12/1/2010 14:03,2.1,15165,United Kingdom
536539,22632,12,12/1/2010 14:03,2.1,15165,United Kingdom
536539,84030E,4,12/1/2010 14:03,4.25,15165,United Kingdom
536539,22114,4,12/1/2010 14:03,3.95,15165,United Kingdom
536539,21481,6,12/1/2010 14:03,2.95,15165,United Kingdom
536539,22379,5,12/1/2010 14:03,2.1,15165,United Kingdom
536540,22968,4,12/1/2010 14:05,9.95,14911,EIRE
536540,85071A,6,12/1/2010 14:05,2.95,14911,EIRE
536540,85071C,6,12/1/2010 14:05,2.55,14911,EIRE
536540,22355,50,12/1/2010 14:05,0.85,14911,EIRE
536540,21579,6,12/1/2010 14:05,2.25,14911,EIRE
536540,21576,6,12/1/2010 14:05,2.25,14911,EIRE
536540,22147,12,12/1/2010 14:05,1.45,14911,EIRE
536540,22150,12,12/1/2010 14:05,1.95,14911,EIRE
536540,22492,36,12/1/2010 14:05,0.65,14911,EIRE
536540,22493,24,12/1/2010 14:05,1.65,14911,EIRE
536540,21833,12,12/1/2010 14:05,1.69,14911,EIRE
536540,85135B,2,12/1/2010 14:05,7.95,14911,EIRE
536540,85136A,2,12/1/2010 14:05,7.95,14911,EIRE
536540,85136C,2,12/1/2010 14:05,7.95,14911,EIRE
536540,21055,4,12/1/2010 14:05,8.95,14911,EIRE
536540,21056,4,12/1/2010 14:05,8.95,14911,EIRE
536540,21889,24,12/1/2010 14:05,1.25,14911,EIRE
536540,21891,12,12/1/2010 14:05,1.25,14911,EIRE
536540,22622,6,12/1/2010 14:05,9.95,14911,EIRE
536540,C2,1,12/1/2010 14:05,50,14911,EIRE
536541,21915,12,12/1/2010 14:05,1.25,14911,EIRE
536542,22382,10,12/1/2010 14:11,1.65,16456,United Kingdom
536542,20727,10,12/1/2010 14:11,1.65,16456,United Kingdom
536542,22383,20,12/1/2010 14:11,1.65,16456,United Kingdom
536542,22386,30,12/1/2010 14:11,1.95,16456,United Kingdom
536542,85099B,40,12/1/2010 14:11,1.95,16456,United Kingdom
536542,22379,20,12/1/2010 14:11,2.1,16456,United Kingdom
536542,20712,20,12/1/2010 14:11,1.95,16456,United Kingdom
536542,85099F,30,12/1/2010 14:11,1.95,16456,United Kingdom
536542,85099C,20,12/1/2010 14:11,1.95,16456,United Kingdom
536542,21930,20,12/1/2010 14:11,1.95,16456,United Kingdom
536542,21928,20,12/1/2010 14:11,1.95,16456,United Kingdom
536542,22411,30,12/1/2010 14:11,1.95,16456,United Kingdom
536542,21931,40,12/1/2010 14:11,1.95,16456,United Kingdom
536542,20711,20,12/1/2010 14:11,1.95,16456,United Kingdom
536542,20713,30,12/1/2010 14:11,1.95,16456,United Kingdom
536542,85123A,32,12/1/2010 14:11,2.95,16456,United Kingdom
C536543,22632,-1,12/1/2010 14:30,2.1,17841,United Kingdom
C536543,22355,-2,12/1/2010 14:30,0.85,17841,United Kingdom
536544,21773,1,12/1/2010 14:32,2.51,,United Kingdom
536544,21774,2,12/1/2010 14:32,2.51,,United Kingdom
536544,21786,4,12/1/2010 14:32,0.85,,United Kingdom
536544,21787,2,12/1/2010 14:32,1.66,,United Kingdom
536544,21790,9,12/1/2010 14:32,1.66,,United Kingdom
536544,21791,2,12/1/2010 14:32,2.51,,United Kingdom
536544,21801,10,12/1/2010 14:32,0.43,,United Kingdom
536544,21802,9,12/1/2010 14:32,0.43,,United Kingdom
536544,21803,11,12/1/2010 14:32,0.43,,United Kingdom
536544,21809,1,12/1/2010 14:32,2.51,,United Kingdom
536544,21810,3,12/1/2010 14:32,2.51,,United Kingdom
536544,21811,1,12/1/2010 14:32,2.51,,United Kingdom
536544,21821,1,12/1/2010 14:32,7.62,,United Kingdom
536544,21822,1,12/1/2010 14:32,4.21,,United Kingdom
536544,21823,2,12/1/2010 14:32,2.98,,United Kingdom
536544,21844,2,12/1/2010 14:32,5.91,,United Kingdom
536544,21851,1,12/1/2010 14:32,4.21,,United Kingdom
536544,21870,1,12/1/2010 14:32,3.36,,United Kingdom
536544,21871,5,12/1/2010 14:32,3.36,,United Kingdom
536544,21874,1,12/1/2010 14:32,3.36,,United Kingdom
536544,21879,1,12/1/2010 14:32,1.66,,United Kingdom
536544,21884,1,12/1/2010 14:32,1.66,,United Kingdom
536544,21888,1,12/1/2010 14:32,7.62,,United Kingdom
536544,21889,2,12/1/2010 14:32,2.51,,United Kingdom
536544,21892,3,12/1/2010 14:32,2.51,,United Kingdom
536544,21894,1,12/1/2010 14:32,2.51,,United Kingdom
536544,21911,1,12/1/2010 14:32,3.36,,United Kingdom
536544,21912,3,12/1/2010 14:32,7.62,,United Kingdom
536544,21913,1,12/1/2010 14:32,7.62,,United Kingdom
536544,21914,3,12/1/2010 14:32,2.51,,United Kingdom
536544,21915,2,12/1/2010 14:32,2.51,,United Kingdom
536544,21922,2,12/1/2010 14:32,16.98,,United Kingdom
536544,21928,1,12/1/2010 14:32,4.21,,United Kingdom
536544,21935,1,12/1/2010 14:32,3.36,,United Kingdom
536544,21942,2,12/1/2010 14:32,1.66,,United Kingdom
536544,21944,1,12/1/2010 14:32,1.66,,United Kingdom
536544,21949,1,12/1/2010 14:32,2.51,,United Kingdom
536544,21975,1,12/1/2010 14:32,1.28,,United Kingdom
536544,21977,1,12/1/2010 14:32,1.28,,United Kingdom
536544,21982,1,12/1/2010 14:32,0.85,,United Kingdom
536544,21990,2,12/1/2010 14:32,2.51,,United Kingdom
536544,21991,1,12/1/2010 14:32,2.51,,United Kingdom
536544,21992,6,12/1/2010 14:32,2.51,,United Kingdom
536544,21993,4,12/1/2010 14:32,2.51,,United Kingdom
536544,22037,1,12/1/2010 14:32,0.85,,United Kingdom
536544,22043,1,12/1/2010 14:32,0.43,,United Kingdom
536544,22064,1,12/1/2010 14:32,3.36,,United Kingdom
536544,22065,1,12/1/2010 14:32,3.36,,United Kingdom
536544,22067,1,12/1/2010 14:32,3.36,,United Kingdom
536544,22068,1,12/1/2010 14:32,3.36,,United Kingdom
536544,22069,1,12/1/2010 14:32,3.36,,United Kingdom
536544,22071,1,12/1/2010 14:32,7.62,,United Kingdom
536544,22075,1,12/1/2010 14:32,3.36,,United Kingdom
536544,22076,1,12/1/2010 14:32,3.36,,United Kingdom
536544,22077,3,12/1/2010 14:32,3.36,,United Kingdom
536544,22080,1,12/1/2010 14:32,3.36,,United Kingdom
536544,22081,1,12/1/2010 14:32,3.36,,United Kingdom
